TF	file_accession	term	estimate_mean	estimate_median	estimate_sd
ARID3A	ENCFF006RQH	(Intercept)	-8.413962952103688	-8.412377463585191	0.022686126872527714
ARID3A	ENCFF006RQH	dist	-3.7749478041625306e-6	-3.7752683916946868e-6	5.607971749121645e-9
ARID3A	ENCFF006RQH	strandOrientationdivergent	-3.0693598564227242	-3.0698721553816037	0.010384186880922932
ARID3A	ENCFF006RQH	strandOrientationforward	-1.572121248570652	-1.5699719291053418	0.0065023649220556645
ARID3A	ENCFF006RQH	strandOrientationreverse	-1.2095401887410206	-1.2092436232156687	0.0038588899078169977
ARID3A	ENCFF006RQH	score_min	1.2514678934747567	1.2509282501072982	0.004134757994613646
ARID3A	ENCFF006RQH	cor	0.882578583813322	0.8847148470148107	0.007595874119184013
ARNT	ENCFF489AGF	(Intercept)	-8.27646661752194	-8.276567921771974	0.025417897320287406
ARNT	ENCFF489AGF	dist	-3.841076367353708e-6	-3.840564136111182e-6	5.913204969605477e-9
ARNT	ENCFF489AGF	strandOrientationdivergent	-3.1175044670595002	-3.1176224178354266	0.01081018866636974
ARNT	ENCFF489AGF	strandOrientationforward	-1.5873783284803835	-1.584422382372068	0.006646835282674296
ARNT	ENCFF489AGF	strandOrientationreverse	-1.1630142956651468	-1.1625753349359755	0.004087707805324451
ARNT	ENCFF489AGF	score_min	1.212760042215497	1.212756067394663	0.004634732637085382
ARNT	ENCFF489AGF	cor	1.273756961528132	1.2745170175696612	0.007230415483364315
ASH2L	ENCFF664LBN	(Intercept)	-8.73110115478917	-8.731750465026787	0.02429266717850664
ASH2L	ENCFF664LBN	dist	-3.745833954127544e-6	-3.745777372052829e-6	5.51957012260414e-9
ASH2L	ENCFF664LBN	strandOrientationdivergent	-3.0526801434560156	-3.053529054832571	0.01061590553285646
ASH2L	ENCFF664LBN	strandOrientationforward	-1.5481831764533434	-1.5466291109737864	0.006299387645742181
ASH2L	ENCFF664LBN	strandOrientationreverse	-1.209058200246705	-1.2084096355935776	0.004005919256445843
ASH2L	ENCFF664LBN	score_min	1.3193050962791817	1.3184589782759781	0.004304860864621611
ASH2L	ENCFF664LBN	cor	0.1827804054528449	0.1838932613826946	0.006147111701987478
ATF2	ENCFF618BFX	(Intercept)	-8.718714496499528	-8.717308393824272	0.02324999729207003
ATF2	ENCFF618BFX	dist	-3.7408821980366033e-6	-3.740943865777144e-6	5.441021776740695e-9
ATF2	ENCFF618BFX	strandOrientationdivergent	-3.0444164692345184	-3.0450326173190314	0.01062070439498725
ATF2	ENCFF618BFX	strandOrientationforward	-1.5527315529791132	-1.550440623145766	0.006337879649654991
ATF2	ENCFF618BFX	strandOrientationreverse	-1.2092716727518453	-1.2091316037230126	0.004096449750161391
ATF2	ENCFF618BFX	score_min	1.3147734543147553	1.313715501491294	0.004154175955024798
ATF2	ENCFF618BFX	cor	0.07957267889234439	0.07921489065561493	0.00470500641361901
ATF7	ENCFF998ZHO	(Intercept)	-8.574762548538704	-8.575644676078372	0.0231424398158184
ATF7	ENCFF998ZHO	dist	-3.8081286559040077e-6	-3.808336347863036e-6	5.793952756651569e-9
ATF7	ENCFF998ZHO	strandOrientationdivergent	-3.099948150922388	-3.1007371492033577	0.011010929158701983
ATF7	ENCFF998ZHO	strandOrientationforward	-1.5873059807876413	-1.5849558924280758	0.006709608209933922
ATF7	ENCFF998ZHO	strandOrientationreverse	-1.163092375287225	-1.162260554267525	0.004097686778556917
ATF7	ENCFF998ZHO	score_min	1.279263843154919	1.2785210897822987	0.004108012738999856
ATF7	ENCFF998ZHO	cor	0.9205856346355932	0.9204119254100271	0.002529456613277511
BACH1	ENCFF184PLB	(Intercept)	-8.576118099513172	-8.576386721913309	0.022161575214388766
BACH1	ENCFF184PLB	dist	-3.776527753003943e-6	-3.7766029497476226e-6	5.986539208895102e-9
BACH1	ENCFF184PLB	strandOrientationdivergent	-3.0688829626197554	-3.070211276585519	0.010899732108345866
BACH1	ENCFF184PLB	strandOrientationforward	-1.571454224464226	-1.569768419270289	0.006213865807987852
BACH1	ENCFF184PLB	strandOrientationreverse	-1.1459099579849656	-1.1452031172658859	0.004475329455088064
BACH1	ENCFF184PLB	score_min	1.2819609649071575	1.2811695771877574	0.003991278936128188
BACH1	ENCFF184PLB	cor	0.7101351110797417	0.7109056125832374	0.004560176076219584
BATF	ENCFF413PZT	(Intercept)	-8.144431047795049	-8.148752422455646	0.02693200891473576
BATF	ENCFF413PZT	dist	-3.885230895390472e-6	-3.885051507510489e-6	4.889273757046058e-9
BATF	ENCFF413PZT	strandOrientationdivergent	-3.147577862954443	-3.1473307937749366	0.010366281164949434
BATF	ENCFF413PZT	strandOrientationforward	-1.5815881946744732	-1.5798281783143766	0.005809623696693463
BATF	ENCFF413PZT	strandOrientationreverse	-1.2116146437996402	-1.2102812214368108	0.003922316602696389
BATF	ENCFF413PZT	score_min	1.195653310763727	1.1959079308350913	0.00469248388998644
BATF	ENCFF413PZT	cor	1.728416546280761	1.7260452256466965	0.005697458993580771
BCL11A	ENCFF049DFX	(Intercept)	-8.653226693943694	-8.65325791973482	0.022695663561266125
BCL11A	ENCFF049DFX	dist	-3.8071407487842457e-6	-3.8056360114083206e-6	6.6881528743202416e-9
BCL11A	ENCFF049DFX	strandOrientationdivergent	-3.0830168624647603	-3.0838682248759737	0.010460212369759855
BCL11A	ENCFF049DFX	strandOrientationforward	-1.5703823358295435	-1.5686814332209056	0.006193843961335382
BCL11A	ENCFF049DFX	strandOrientationreverse	-1.1705526072983725	-1.1699584309861004	0.0037592136425343117
BCL11A	ENCFF049DFX	score_min	1.3055670988979393	1.304745753416869	0.004081654007913191
BCL11A	ENCFF049DFX	cor	0.8535349127893255	0.850742852573269	0.0072816906863027355
BCLAF1	ENCFF534OEO	(Intercept)	-8.604338769576403	-8.602921840147207	0.023009640109462676
BCLAF1	ENCFF534OEO	dist	-3.783736594683453e-6	-3.7832500148284533e-6	6.078969995050846e-9
BCLAF1	ENCFF534OEO	strandOrientationdivergent	-3.064774898954757	-3.0657318832842897	0.010506506498093636
BCLAF1	ENCFF534OEO	strandOrientationforward	-1.5755929541314209	-1.573466379205125	0.005860133330600409
BCLAF1	ENCFF534OEO	strandOrientationreverse	-1.1688502565648475	-1.1688803567244586	0.0038084871839054527
BCLAF1	ENCFF534OEO	score_min	1.2905951680738523	1.2897361358951371	0.004133247139749011
BCLAF1	ENCFF534OEO	cor	0.6737684296283211	0.6735906118437739	0.004621793500688242
BHLHE40	ENCFF355HAQ	(Intercept)	-7.365795020218067	-7.367087934630034	0.026023171534895476
BHLHE40	ENCFF355HAQ	dist	-3.964762310548673e-6	-3.963976485710578e-6	6.604252340456905e-9
BHLHE40	ENCFF355HAQ	strandOrientationdivergent	-3.2167975022581636	-3.216711202649674	0.011260416404554548
BHLHE40	ENCFF355HAQ	strandOrientationforward	-1.6435068494344316	-1.6426722385232768	0.006129789905097433
BHLHE40	ENCFF355HAQ	strandOrientationreverse	-1.2102452051576214	-1.2098224365517647	0.004141841063875924
BHLHE40	ENCFF355HAQ	score_min	1.043588031776761	1.0432583567437526	0.004489365473060217
BHLHE40	ENCFF355HAQ	cor	2.0803503547776	2.0796076511603703	0.006364731449062284
BMI1	ENCFF407PLR	(Intercept)	-8.740476318237928	-8.741128811100413	0.022166610201275545
BMI1	ENCFF407PLR	dist	-3.7754191347522682e-6	-3.7747457442858215e-6	6.0466563897968545e-9
BMI1	ENCFF407PLR	strandOrientationdivergent	-3.0599686697805457	-3.060590468188051	0.010842421393564713
BMI1	ENCFF407PLR	strandOrientationforward	-1.56825355683977	-1.566186890634019	0.006598726665776751
BMI1	ENCFF407PLR	strandOrientationreverse	-1.1449316271329657	-1.1447257142751162	0.004023249379087473
BMI1	ENCFF407PLR	score_min	1.3145940287848243	1.3140629038447904	0.003907238627783738
BMI1	ENCFF407PLR	cor	0.5385988434478035	0.5389964717435135	0.005262298278748159
BRCA1	ENCFF314JBH	(Intercept)	-8.828030396541775	-8.829956373656856	0.022764798915119226
BRCA1	ENCFF314JBH	dist	-3.7876433864447033e-6	-3.787995839150421e-6	5.887480568526993e-9
BRCA1	ENCFF314JBH	strandOrientationdivergent	-3.0771092038158496	-3.0768227333772353	0.010663918119346676
BRCA1	ENCFF314JBH	strandOrientationforward	-1.5473852206752146	-1.5459198054119927	0.006173468525179191
BRCA1	ENCFF314JBH	strandOrientationreverse	-1.1703538346988924	-1.1704460369078569	0.003973299505607421
BRCA1	ENCFF314JBH	score_min	1.341833880104365	1.3412174632756817	0.004017649202270441
BRCA1	ENCFF314JBH	cor	0.3288461140707114	0.3278749075808903	0.007859485722321417
CBFB	ENCFF327KPH	(Intercept)	-8.278668704391011	-8.280987992634007	0.02517305399189786
CBFB	ENCFF327KPH	dist	-3.7943995616089943e-6	-3.794701857548749e-6	6.551652931789729e-9
CBFB	ENCFF327KPH	strandOrientationdivergent	-3.099488515993009	-3.1000676837079677	0.01079812994686071
CBFB	ENCFF327KPH	strandOrientationforward	-1.5782703913743972	-1.5763306740586231	0.006371806260426625
CBFB	ENCFF327KPH	strandOrientationreverse	-1.2336337978613992	-1.2334724151951209	0.003798140710219223
CBFB	ENCFF327KPH	score_min	1.2286853519928513	1.2280265489162725	0.004532684160990143
CBFB	ENCFF327KPH	cor	1.29345324170615	1.2949077550288397	0.008556742627043338
CBX3	ENCFF560MPE	(Intercept)	-8.812343851558087	-8.813516175166686	0.023034490770211843
CBX3	ENCFF560MPE	dist	-3.771422874008646e-6	-3.7714737264655158e-6	5.977667331826901e-9
CBX3	ENCFF560MPE	strandOrientationdivergent	-3.0546605024811866	-3.055427792219938	0.010732653612639016
CBX3	ENCFF560MPE	strandOrientationforward	-1.5459661945435204	-1.544519252412198	0.006241563090065849
CBX3	ENCFF560MPE	strandOrientationreverse	-1.1804383610037141	-1.180101791534405	0.003931334870134927
CBX3	ENCFF560MPE	score_min	1.3350118067581436	1.3342558270463556	0.004105397549229748
CBX3	ENCFF560MPE	cor	-0.028750886538486765	-0.03039510442667123	0.003877124847619982
CBX5	ENCFF442AII	(Intercept)	-7.8820955971968125	-7.878332158352249	0.026795076255561764
CBX5	ENCFF442AII	dist	-3.8731965558297e-6	-3.872012397572533e-6	7.010870185433655e-9
CBX5	ENCFF442AII	strandOrientationdivergent	-3.150212592206496	-3.1492791449540514	0.011070132988172948
CBX5	ENCFF442AII	strandOrientationforward	-1.5969576450151266	-1.5951335255626196	0.0066394432043988556
CBX5	ENCFF442AII	strandOrientationreverse	-1.2472194210555814	-1.2458059678795923	0.004234367939109362
CBX5	ENCFF442AII	score_min	1.1414637083048504	1.140887069041196	0.004837369926070402
CBX5	ENCFF442AII	cor	2.2865466878350365	2.2870060429865466	0.008411522837512656
CBX8	ENCFF132URB	(Intercept)	-8.752878660802955	-8.753194628563964	0.022035655591459802
CBX8	ENCFF132URB	dist	-3.743750947168391e-6	-3.743464404910734e-6	5.376118082416361e-9
CBX8	ENCFF132URB	strandOrientationdivergent	-3.053053276115415	-3.0538101904045813	0.010707880269653065
CBX8	ENCFF132URB	strandOrientationforward	-1.554091245130681	-1.5522553282370692	0.006312764292323191
CBX8	ENCFF132URB	strandOrientationreverse	-1.207088735705687	-1.2065781883469695	0.004032819948455578
CBX8	ENCFF132URB	score_min	1.3234923408087107	1.3225583497861493	0.003963127027163638
CBX8	ENCFF132URB	cor	0.05169950527779887	0.052320219582528485	0.006779343995201549
CEBPB	ENCFF481MMI	(Intercept)	-8.81753828288578	-8.81822951858851	0.024205409819599132
CEBPB	ENCFF481MMI	dist	-3.7888118497521544e-6	-3.7883555876035313e-6	6.254645182678897e-9
CEBPB	ENCFF481MMI	strandOrientationdivergent	-3.0712251382936158	-3.0717085614430646	0.010637132450475643
CEBPB	ENCFF481MMI	strandOrientationforward	-1.552121374943455	-1.5509488364799462	0.006312504768132954
CEBPB	ENCFF481MMI	strandOrientationreverse	-1.149981552434794	-1.1494580816466944	0.003740278106661581
CEBPB	ENCFF481MMI	score_min	1.3362988809152367	1.3358040956558477	0.004270965689775002
CEBPB	ENCFF481MMI	cor	0.5613051706220931	0.5613639656990944	0.007838553386630562
CEBPZ	ENCFF183UMP	(Intercept)	-8.45655970977534	-8.458785980906967	0.02441923348357599
CEBPZ	ENCFF183UMP	dist	-3.824870349788209e-6	-3.824886385972954e-6	6.751209603642393e-9
CEBPZ	ENCFF183UMP	strandOrientationdivergent	-3.0987106081980884	-3.0987357814908116	0.011399810221564496
CEBPZ	ENCFF183UMP	strandOrientationforward	-1.5772708046678594	-1.5758118878606397	0.006969238151790724
CEBPZ	ENCFF183UMP	strandOrientationreverse	-1.1712736385616158	-1.1707980413142192	0.003706812798359971
CEBPZ	ENCFF183UMP	score_min	1.2670262355277977	1.2664935794234689	0.004251853392568446
CEBPZ	ENCFF183UMP	cor	1.1489321811740862	1.1481133765703322	0.008189019247972386
CHD1	ENCFF708CBB	(Intercept)	-8.733045188919887	-8.733394288755195	0.023076840164516214
CHD1	ENCFF708CBB	dist	-3.7488195889001422e-6	-3.7489026604709983e-6	5.5178944496983666e-9
CHD1	ENCFF708CBB	strandOrientationdivergent	-3.0541630648645883	-3.0548728231379867	0.010689652372190245
CHD1	ENCFF708CBB	strandOrientationforward	-1.55728269323066	-1.5553536838524267	0.006321074503115609
CHD1	ENCFF708CBB	strandOrientationreverse	-1.200712163514455	-1.200110000275035	0.00404070128940928
CHD1	ENCFF708CBB	score_min	1.320094137314984	1.319181673424969	0.004114679058075168
CHD1	ENCFF708CBB	cor	0.08224870515313645	0.08062741017866558	0.007238696124135692
CHD2	ENCFF963XEI	(Intercept)	-8.558561786586331	-8.557830845238547	0.025162993039245338
CHD2	ENCFF963XEI	dist	-3.811136363504068e-6	-3.811105035156644e-6	6.1727209760907246e-9
CHD2	ENCFF963XEI	strandOrientationdivergent	-3.1174388834315825	-3.1174441064494376	0.011173411407861622
CHD2	ENCFF963XEI	strandOrientationforward	-1.5796654639696879	-1.578023356484389	0.006300462481834054
CHD2	ENCFF963XEI	strandOrientationreverse	-1.1553003862456772	-1.1545113702465124	0.0035612177133159963
CHD2	ENCFF963XEI	score_min	1.2835390519584058	1.2828279517009413	0.004468546129446178
CHD2	ENCFF963XEI	cor	1.049233194827346	1.0482726524233539	0.006291403500925638
CHD4	ENCFF642RXD	(Intercept)	-8.660949115744048	-8.659884522502168	0.022576217376265077
CHD4	ENCFF642RXD	dist	-3.7332618491190355e-6	-3.733144038526829e-6	5.523907572991008e-9
CHD4	ENCFF642RXD	strandOrientationdivergent	-3.0459512674011475	-3.0470248786206087	0.010790148065464166
CHD4	ENCFF642RXD	strandOrientationforward	-1.5510005465664563	-1.5489291905254063	0.0062002857336233164
CHD4	ENCFF642RXD	strandOrientationreverse	-1.216554453913217	-1.215826092659659	0.004217985333164437
CHD4	ENCFF642RXD	score_min	1.3047605219293998	1.303978001452796	0.004028832741247618
CHD4	ENCFF642RXD	cor	0.3074696408807852	0.30712802769053393	0.004109780032555763
CHD7	ENCFF994DRA	(Intercept)	-8.70504992069462	-8.70643204577501	0.02316624334110845
CHD7	ENCFF994DRA	dist	-3.7307500362686267e-6	-3.7309315485756053e-6	5.284152491361696e-9
CHD7	ENCFF994DRA	strandOrientationdivergent	-3.0444900325397883	-3.0451993891074896	0.010734914645624366
CHD7	ENCFF994DRA	strandOrientationforward	-1.5514704349699844	-1.5495790607422122	0.00621450048319844
CHD7	ENCFF994DRA	strandOrientationreverse	-1.2133632083271937	-1.2126775029772245	0.004125963881735
CHD7	ENCFF994DRA	score_min	1.3128197230931302	1.312113454679494	0.004097434973777984
CHD7	ENCFF994DRA	cor	0.13173853906155214	0.1313030258485371	0.005689452758932641
CREM	ENCFF403JWE	(Intercept)	-7.969948490639666	-7.971823542497215	0.023749777858959376
CREM	ENCFF403JWE	dist	-3.835469607945443e-6	-3.833605486742257e-6	5.7208404201277015e-9
CREM	ENCFF403JWE	strandOrientationdivergent	-3.131970279918427	-3.131901207797154	0.010296950969788702
CREM	ENCFF403JWE	strandOrientationforward	-1.5885692268015834	-1.5861633618890987	0.006094585771912887
CREM	ENCFF403JWE	strandOrientationreverse	-1.2339136073820947	-1.2339294472700055	0.003824289268257108
CREM	ENCFF403JWE	score_min	1.1589658630793682	1.1588413336572851	0.004251068533717429
CREM	ENCFF403JWE	cor	1.7408221457924014	1.7380127876577225	0.005932737860987137
CTBP1	ENCFF421OWD	(Intercept)	-8.72447071153575	-8.72562573899444	0.023696864428142332
CTBP1	ENCFF421OWD	dist	-3.74023438509973e-6	-3.739904545005727e-6	5.688482318163091e-9
CTBP1	ENCFF421OWD	strandOrientationdivergent	-3.0459524288906263	-3.0467663084078933	0.01053821547609632
CTBP1	ENCFF421OWD	strandOrientationforward	-1.5464546799110106	-1.5447684512171125	0.006219315071236187
CTBP1	ENCFF421OWD	strandOrientationreverse	-1.2061879707939638	-1.2055269240778022	0.004114119339293443
CTBP1	ENCFF421OWD	score_min	1.317495216936928	1.3169496502571	0.004194372351490588
CTBP1	ENCFF421OWD	cor	-0.00754906533576847	-0.007776136603124915	0.005715341352509828
CTCF	ENCFF312KXX	(Intercept)	-7.839073019797844	-7.84291898460781	0.027970644052385075
CTCF	ENCFF312KXX	dist	-4.000481740652441e-6	-4.000044987167394e-6	5.735191381651344e-9
CTCF	ENCFF312KXX	strandOrientationdivergent	-3.192010659698674	-3.1926871855360366	0.010800805053495737
CTCF	ENCFF312KXX	strandOrientationforward	-1.6201530132720672	-1.617841494539666	0.005741662143856446
CTCF	ENCFF312KXX	strandOrientationreverse	-1.1628477745043901	-1.162408928728282	0.004014154702596723
CTCF	ENCFF312KXX	score_min	0.9952895237785082	0.9952423805648369	0.00494738120701499
CTCF	ENCFF312KXX	cor	2.209775679302969	2.210949067419907	0.008672358547709301
CUX1	ENCFF086OCM	(Intercept)	-8.694194565822322	-8.695011032290282	0.023508569565516224
CUX1	ENCFF086OCM	dist	-3.7975609244166394e-6	-3.7978279000622928e-6	6.4104743300807594e-9
CUX1	ENCFF086OCM	strandOrientationdivergent	-3.0883313243798747	-3.088793392408988	0.010930746112732882
CUX1	ENCFF086OCM	strandOrientationforward	-1.5653589707309843	-1.563967921725415	0.006276883125171536
CUX1	ENCFF086OCM	strandOrientationreverse	-1.1866556872433391	-1.1866965318767582	0.003648411365530427
CUX1	ENCFF086OCM	score_min	1.3141810912825571	1.3132107366265988	0.0041395663394505535
CUX1	ENCFF086OCM	cor	0.8603424242448395	0.859654320919919	0.007445682158408379
DPF2	ENCFF682POX	(Intercept)	-8.58481070225999	-8.585578725232766	0.02512183156313405
DPF2	ENCFF682POX	dist	-3.7711941625822015e-6	-3.7714150872303042e-6	5.895063851449691e-9
DPF2	ENCFF682POX	strandOrientationdivergent	-3.0672807774560837	-3.0685242754824644	0.010689069022549652
DPF2	ENCFF682POX	strandOrientationforward	-1.5861415941686754	-1.5841995554718502	0.006254853729304078
DPF2	ENCFF682POX	strandOrientationreverse	-1.1405063626005536	-1.1400573754215484	0.0041479845697614025
DPF2	ENCFF682POX	score_min	1.2831705084983367	1.2827002177250673	0.0044195094735869755
DPF2	ENCFF682POX	cor	0.6791482439588479	0.6786446137829332	0.0037315201859732935
E2F4	ENCFF926RPL	(Intercept)	-8.782346454090332	-8.78651791385009	0.024386338921672166
E2F4	ENCFF926RPL	dist	-3.7992627463803622e-6	-3.7990694853749975e-6	6.238771631485944e-9
E2F4	ENCFF926RPL	strandOrientationdivergent	-3.092521408880216	-3.0932918589881817	0.011079432594027017
E2F4	ENCFF926RPL	strandOrientationforward	-1.5659320597821647	-1.5643677325579755	0.006561722560099041
E2F4	ENCFF926RPL	strandOrientationreverse	-1.153906611984999	-1.1529703892089482	0.003954575619422794
E2F4	ENCFF926RPL	score_min	1.32790531550657	1.3274649267556906	0.004273333231304907
E2F4	ENCFF926RPL	cor	0.8093137668265061	0.809346238346234	0.006935579238291385
EBF1	ENCFF499QLO	(Intercept)	-8.743682255415521	-8.743561665950839	0.024791434948606687
EBF1	ENCFF499QLO	dist	-3.794731010685728e-6	-3.7945650732973627e-6	5.807877443567454e-9
EBF1	ENCFF499QLO	strandOrientationdivergent	-3.0859554295599136	-3.0864905439233024	0.010526012759496717
EBF1	ENCFF499QLO	strandOrientationforward	-1.5575284375623948	-1.5563635838381495	0.006338135603324538
EBF1	ENCFF499QLO	strandOrientationreverse	-1.1584442932387695	-1.1580805308203113	0.004025013866791987
EBF1	ENCFF499QLO	score_min	1.321637187690195	1.3206020659285571	0.004424764956129583
EBF1	ENCFF499QLO	cor	0.7586024319954857	0.7577238012424012	0.006918525389477275
EED	ENCFF758PJS	(Intercept)	-8.362066135116724	-8.36135236908886	0.023774845930792075
EED	ENCFF758PJS	dist	-3.7674746000111695e-6	-3.7658116139789546e-6	6.630591475131084e-9
EED	ENCFF758PJS	strandOrientationdivergent	-3.0770609040395853	-3.0774422119476545	0.010549972219297519
EED	ENCFF758PJS	strandOrientationforward	-1.5640940875684153	-1.5623853374389987	0.006307931923252552
EED	ENCFF758PJS	strandOrientationreverse	-1.2306619355335073	-1.2304411520512932	0.003968645482618684
EED	ENCFF758PJS	score_min	1.241936206036541	1.2412598441744012	0.004328097884050485
EED	ENCFF758PJS	cor	0.946573672242841	0.9434040287940348	0.009572782095980118
ELF1	ENCFF937HON	(Intercept)	-7.717383857010946	-7.716479316145913	0.022512235351615825
ELF1	ENCFF937HON	dist	-3.872590689231042e-6	-3.871630044636213e-6	5.654758346545169e-9
ELF1	ENCFF937HON	strandOrientationdivergent	-3.1470229854660143	-3.1474738229972936	0.011455243871091772
ELF1	ENCFF937HON	strandOrientationforward	-1.6141053334729178	-1.612501823356086	0.006715902107291875
ELF1	ENCFF937HON	strandOrientationreverse	-1.2074505122927532	-1.2079440359575648	0.0034108749181186028
ELF1	ENCFF937HON	score_min	1.0983848226734998	1.0978311115229364	0.004143315433969601
ELF1	ENCFF937HON	cor	1.6926202020650396	1.691491684215797	0.005087707358458813
ELK1	ENCFF979FNK	(Intercept)	-8.56784905989396	-8.56797590074202	0.02298442304090728
ELK1	ENCFF979FNK	dist	-3.8104007787938923e-6	-3.8094170335691983e-6	6.336595225678023e-9
ELK1	ENCFF979FNK	strandOrientationdivergent	-3.089890419123091	-3.0906220522151675	0.010470323398781869
ELK1	ENCFF979FNK	strandOrientationforward	-1.5691744699502945	-1.5675944741616537	0.00638423652451911
ELK1	ENCFF979FNK	strandOrientationreverse	-1.1829461294563597	-1.1820999923907696	0.003471623810756653
ELK1	ENCFF979FNK	score_min	1.2895041138294894	1.2886444098319279	0.004057095264822916
ELK1	ENCFF979FNK	cor	0.9850607379663022	0.9863380353674688	0.005750553983442716
EP300	ENCFF279XNH	(Intercept)	-8.787582905974771	-8.787052538568517	0.02351750115006175
EP300	ENCFF279XNH	dist	-3.779051855660604e-6	-3.779666674539236e-6	6.2165551941025265e-9
EP300	ENCFF279XNH	strandOrientationdivergent	-3.0810179240064532	-3.081292773667344	0.01055613288069082
EP300	ENCFF279XNH	strandOrientationforward	-1.5593125252819473	-1.557927380446177	0.006262462796238452
EP300	ENCFF279XNH	strandOrientationreverse	-1.1773747115684783	-1.177010019530282	0.003536337318310101
EP300	ENCFF279XNH	score_min	1.3353895128237459	1.3341489060179763	0.004184244685372556
EP300	ENCFF279XNH	cor	0.45513410485380407	0.4550375850834562	0.00704665203936547
ESRRA	ENCFF774MPS	(Intercept)	-8.232084790373342	-8.237662850753223	0.02299676723243476
ESRRA	ENCFF774MPS	dist	-3.863814565031148e-6	-3.864426781009068e-6	5.8897425603725975e-9
ESRRA	ENCFF774MPS	strandOrientationdivergent	-3.1277766895367773	-3.1287146311714946	0.011883913797871475
ESRRA	ENCFF774MPS	strandOrientationforward	-1.5758811848772398	-1.575323376094563	0.006678527319261261
ESRRA	ENCFF774MPS	strandOrientationreverse	-1.1872281556224145	-1.187027409231768	0.0038066480419085328
ESRRA	ENCFF774MPS	score_min	1.216303644385413	1.2164506510292614	0.003945994714512355
ESRRA	ENCFF774MPS	cor	1.5529785111273917	1.5531750608022639	0.007790909801595545
ETV6	ENCFF486PYA	(Intercept)	-8.606558498490129	-8.605947612586133	0.023871860615365306
ETV6	ENCFF486PYA	dist	-3.756021465164477e-6	-3.7552427868579762e-6	6.211023311405245e-9
ETV6	ENCFF486PYA	strandOrientationdivergent	-3.067399300949514	-3.0672691583630707	0.010729636688242693
ETV6	ENCFF486PYA	strandOrientationforward	-1.56269131310752	-1.561115608067346	0.00634938096288615
ETV6	ENCFF486PYA	strandOrientationreverse	-1.2215766486882504	-1.2209568004857192	0.004153022850086962
ETV6	ENCFF486PYA	score_min	1.2923172836056471	1.291723791673167	0.004225732906225197
ETV6	ENCFF486PYA	cor	0.806907098116207	0.8071094526321478	0.006572832683888484
EZH2	ENCFF410SZR	(Intercept)	-8.79449506158623	-8.7972522859043	0.024379119866419354
EZH2	ENCFF410SZR	dist	-3.771626655638101e-6	-3.771581049923627e-6	5.361857546182991e-9
EZH2	ENCFF410SZR	strandOrientationdivergent	-3.0641260538887716	-3.065225825282317	0.010955276842180764
EZH2	ENCFF410SZR	strandOrientationforward	-1.534187377766455	-1.5328179146974574	0.006026262115810398
EZH2	ENCFF410SZR	strandOrientationreverse	-1.2156412018742313	-1.215512074175594	0.003956029094391487
EZH2	ENCFF410SZR	score_min	1.3342470879826722	1.3339686244398608	0.004277907595485289
EZH2	ENCFF410SZR	cor	0.34432516057389584	0.33904603712533404	0.012611926935726167
FOS	ENCFF000VTD	(Intercept)	-8.378927414760351	-8.381866652635583	0.02577921287062467
FOS	ENCFF000VTD	dist	-3.854792783269398e-6	-3.853770297432045e-6	7.177051200180101e-9
FOS	ENCFF000VTD	strandOrientationdivergent	-3.1216213193882707	-3.120835765591909	0.010534899875055034
FOS	ENCFF000VTD	strandOrientationforward	-1.564990532076335	-1.5632209719007522	0.005603179940230541
FOS	ENCFF000VTD	strandOrientationreverse	-1.2222644916753105	-1.222311548802282	0.003389418182672669
FOS	ENCFF000VTD	score_min	1.2559362008956783	1.255455035079212	0.004625710044337157
FOS	ENCFF000VTD	cor	1.3471663271905423	1.3478065448982666	0.00451807169111225
FOXK2	ENCFF285JUZ	(Intercept)	-8.621948151470132	-8.619225502009062	0.0220307877600792
FOXK2	ENCFF285JUZ	dist	-3.723498785101279e-6	-3.723643266008791e-6	5.404201829809526e-9
FOXK2	ENCFF285JUZ	strandOrientationdivergent	-3.039777912567849	-3.040955255073881	0.010679863316711523
FOXK2	ENCFF285JUZ	strandOrientationforward	-1.5612256308680381	-1.5589695178321452	0.006289116525991008
FOXK2	ENCFF285JUZ	strandOrientationreverse	-1.2003416634567372	-1.1998071684864169	0.004071080236406061
FOXK2	ENCFF285JUZ	score_min	1.2945610629391053	1.2935252394068848	0.003971902956391057
FOXK2	ENCFF285JUZ	cor	0.20126542847082285	0.20087981387915	0.0043009122126499
GABPA	ENCFF529FLT	(Intercept)	-8.810189132369144	-8.811141346820126	0.02464855265018165
GABPA	ENCFF529FLT	dist	-3.7508000322005133e-6	-3.750923388778982e-6	5.703501926685949e-9
GABPA	ENCFF529FLT	strandOrientationdivergent	-3.0632822715748538	-3.0636735813074583	0.010655622971430719
GABPA	ENCFF529FLT	strandOrientationforward	-1.5562095819800186	-1.5544413360429092	0.006336505565822045
GABPA	ENCFF529FLT	strandOrientationreverse	-1.1875292517178537	-1.1870445509444738	0.003959091642372061
GABPA	ENCFF529FLT	score_min	1.3351294488067993	1.3342465596911395	0.004369316074264473
GABPA	ENCFF529FLT	cor	0.3144924374594203	0.31488921376599527	0.009745276462796175
GATAD2B	ENCFF914CTT	(Intercept)	-8.406404673796366	-8.40297964983808	0.02256536405727932
GATAD2B	ENCFF914CTT	dist	-3.75012582948584e-6	-3.7503947987479116e-6	5.6555779783664714e-9
GATAD2B	ENCFF914CTT	strandOrientationdivergent	-3.062107882843246	-3.06319129767964	0.010566004807972726
GATAD2B	ENCFF914CTT	strandOrientationforward	-1.5759247749349268	-1.57362409123937	0.006230063484736269
GATAD2B	ENCFF914CTT	strandOrientationreverse	-1.2060259747199649	-1.2055467277419802	0.0039324902373552816
GATAD2B	ENCFF914CTT	score_min	1.2517153974029824	1.250810109538079	0.0040204449501512985
GATAD2B	ENCFF914CTT	cor	0.6878710575731691	0.6883248624631186	0.005158871567108135
HCFC1	ENCFF686ASL	(Intercept)	-8.298002340428106	-8.302223081867659	0.025757122321983895
HCFC1	ENCFF686ASL	dist	-3.83958536204349e-6	-3.8399915814096365e-6	6.559604446166567e-9
HCFC1	ENCFF686ASL	strandOrientationdivergent	-3.1146450930765472	-3.1144912547296233	0.01109385354558426
HCFC1	ENCFF686ASL	strandOrientationforward	-1.5846246270868591	-1.583019663455758	0.007026048905276989
HCFC1	ENCFF686ASL	strandOrientationreverse	-1.1663740647385905	-1.1653979581670861	0.004072488741707668
HCFC1	ENCFF686ASL	score_min	1.227821206949749	1.2275993797752174	0.004557178652863017
HCFC1	ENCFF686ASL	cor	1.3397112590819773	1.340389435752802	0.005684805199737027
HDAC2	ENCFF675TUL	(Intercept)	-8.68850067818219	-8.68941310371265	0.02239185088546397
HDAC2	ENCFF675TUL	dist	-3.7359214603072104e-6	-3.7355839319827125e-6	5.3714387124833025e-9
HDAC2	ENCFF675TUL	strandOrientationdivergent	-3.0504842288420173	-3.051208165092618	0.010506324530245565
HDAC2	ENCFF675TUL	strandOrientationforward	-1.5551279186487812	-1.5530628835021987	0.006149341168203465
HDAC2	ENCFF675TUL	strandOrientationreverse	-1.214994889821203	-1.2143329241580596	0.004106936017724652
HDAC2	ENCFF675TUL	score_min	1.3111165028440452	1.3103915328044544	0.003950218709813201
HDAC2	ENCFF675TUL	cor	0.23731823841242736	0.2386481664129646	0.004445595396782558
HDGF	ENCFF303UTJ	(Intercept)	-8.650750049392716	-8.650788791579313	0.02401013694266632
HDGF	ENCFF303UTJ	dist	-3.7723639077926214e-6	-3.773140757833249e-6	5.984807961585445e-9
HDGF	ENCFF303UTJ	strandOrientationdivergent	-3.067658983893732	-3.0682191173642277	0.011003524063056946
HDGF	ENCFF303UTJ	strandOrientationforward	-1.5852380099767536	-1.5832361017156837	0.006383035903586017
HDGF	ENCFF303UTJ	strandOrientationreverse	-1.1436072928500534	-1.1431059346356371	0.003797711494303026
HDGF	ENCFF303UTJ	score_min	1.2977870536491836	1.2970090809420136	0.004208413392554529
HDGF	ENCFF303UTJ	cor	0.5802475602334223	0.5814186229541279	0.004989656749857456
HSF1	ENCFF455ZPQ	(Intercept)	-8.31157195988656	-8.310286907544628	0.023365219569495697
HSF1	ENCFF455ZPQ	dist	-3.843890656761041e-6	-3.843190128569115e-6	7.063818879577445e-9
HSF1	ENCFF455ZPQ	strandOrientationdivergent	-3.1238260741681936	-3.123900055780237	0.01061719145999923
HSF1	ENCFF455ZPQ	strandOrientationforward	-1.5802319341810382	-1.579142640595312	0.0065094878476246055
HSF1	ENCFF455ZPQ	strandOrientationreverse	-1.1676977007440592	-1.167148425220184	0.003921535906081458
HSF1	ENCFF455ZPQ	score_min	1.233770308081612	1.2329084650530198	0.004105830674896704
HSF1	ENCFF455ZPQ	cor	1.3961247200201188	1.3950524744647772	0.008403812509480487
IKZF1	ENCFF314HHD	(Intercept)	-8.954532640756245	-8.961036397086925	0.0264948410400819
IKZF1	ENCFF314HHD	dist	-3.800636966293526e-6	-3.800955619369722e-6	6.1696963394691214e-09
IKZF1	ENCFF314HHD	strandOrientationdivergent	-3.0808229532597435	-3.0806563548743684	0.010908703626176242
IKZF1	ENCFF314HHD	strandOrientationforward	-1.5544190128927609	-1.5532436019063944	0.006497227692268775
IKZF1	ENCFF314HHD	strandOrientationreverse	-1.1701690125760194	-1.1697991139204584	0.003630450473486953
IKZF1	ENCFF314HHD	score_min	1.365386581975555	1.3652756797155012	0.004668573782010573
IKZF1	ENCFF314HHD	cor	0.359219827384506	0.359190603491104	0.005506174005614105
IKZF2	ENCFF942IMP	(Intercept)	-8.219357215193451	-8.220477117775125	0.02041232865631488
IKZF2	ENCFF942IMP	dist	-3.769091302797287e-6	-3.76896077303882e-6	5.8900832572575555e-9
IKZF2	ENCFF942IMP	strandOrientationdivergent	-3.075595681738811	-3.0768599679724717	0.010955967202134067
IKZF2	ENCFF942IMP	strandOrientationforward	-1.5797404017807228	-1.5776838416693453	0.0060911845244032625
IKZF2	ENCFF942IMP	strandOrientationreverse	-1.222627272901206	-1.2220640915896652	0.00379115269785086
IKZF2	ENCFF942IMP	score_min	1.2095690910443584	1.2092853737260953	0.0036429501548902628
IKZF2	ENCFF942IMP	cor	0.9761602148116668	0.975067904883504	0.004488983476561043
IRF3	ENCFF431TJS	(Intercept)	-8.892979816225962	-8.895184660452	0.022779551398176126
IRF3	ENCFF431TJS	dist	-3.7961969350978947e-6	-3.79702360931078e-6	5.994148009259667e-9
IRF3	ENCFF431TJS	strandOrientationdivergent	-3.0808622209230445	-3.081657693075689	0.0109801128043264
IRF3	ENCFF431TJS	strandOrientationforward	-1.5521827823527898	-1.550938674002182	0.0063330525760200715
IRF3	ENCFF431TJS	strandOrientationreverse	-1.1576907320947114	-1.1570859813793781	0.003787783190617588
IRF3	ENCFF431TJS	score_min	1.3526793601524343	1.3519190511335628	0.00405487430069554
IRF3	ENCFF431TJS	cor	0.5073654102066305	0.5070003355035051	0.005488619590746372
IRF5	ENCFF975GNN	(Intercept)	-8.656222228292918	-8.653922848509337	0.023321104669100385
IRF5	ENCFF975GNN	dist	-3.7390920459482527e-6	-3.7391475734697636e-6	5.2843728523592706e-9
IRF5	ENCFF975GNN	strandOrientationdivergent	-3.0443716841866353	-3.045123468649566	0.01062152977109824
IRF5	ENCFF975GNN	strandOrientationforward	-1.5696126624650646	-1.5674296772467062	0.006241913043820149
IRF5	ENCFF975GNN	strandOrientationreverse	-1.1887841809793653	-1.1880172545427157	0.00393941395866683
IRF5	ENCFF975GNN	score_min	1.303488682085225	1.3026837685218506	0.004155511325420931
IRF5	ENCFF975GNN	cor	0.1199069125335703	0.12120607113354337	0.0053313342171432505
JUNB	ENCFF278JRW	(Intercept)	-8.608632590263927	-8.60843101711951	0.023502078263704224
JUNB	ENCFF278JRW	dist	-3.7522624468432768e-6	-3.7522039990984753e-6	5.7246220671672356e-9
JUNB	ENCFF278JRW	strandOrientationdivergent	-3.0640957905913067	-3.064973799558486	0.01062359390134831
JUNB	ENCFF278JRW	strandOrientationforward	-1.5574081364047565	-1.5554545355653306	0.0063389443650226866
JUNB	ENCFF278JRW	strandOrientationreverse	-1.2120820986241885	-1.2116748681632123	0.004075759710320317
JUNB	ENCFF278JRW	score_min	1.2971155247266195	1.2960158916805744	0.004251594611866474
JUNB	ENCFF278JRW	cor	0.6139572782466801	0.614344520707216	0.007746394219893515
JUND	ENCFF505IBJ	(Intercept)	-8.710516378195624	-8.712081797552477	0.02350624131859014
JUND	ENCFF505IBJ	dist	-3.7911978463324717e-6	-3.7920008774821794e-6	6.477788797857358e-9
JUND	ENCFF505IBJ	strandOrientationdivergent	-3.0878398193663603	-3.0879130853772816	0.010947744189809669
JUND	ENCFF505IBJ	strandOrientationforward	-1.572523386292358	-1.5705089458172032	0.006355181988202037
JUND	ENCFF505IBJ	strandOrientationreverse	-1.1567831739276562	-1.155720844364053	0.003797035311521262
JUND	ENCFF505IBJ	score_min	1.3156956766895767	1.3147434352675207	0.004242035890125866
JUND	ENCFF505IBJ	cor	0.7864075097538893	0.7841078225211838	0.007346512668096234
KDM1A	ENCFF777QJK	(Intercept)	-8.757273881317213	-8.75684749617666	0.023337346252491193
KDM1A	ENCFF777QJK	dist	-3.747948442602936e-6	-3.7476439046267954e-6	5.653803265981375e-9
KDM1A	ENCFF777QJK	strandOrientationdivergent	-3.0545033079683335	-3.055296589529672	0.010565431027876052
KDM1A	ENCFF777QJK	strandOrientationforward	-1.5471529379114417	-1.5456382553794663	0.006222589583610469
KDM1A	ENCFF777QJK	strandOrientationreverse	-1.213614734707116	-1.2130117106480558	0.004044055243858972
KDM1A	ENCFF777QJK	score_min	1.3245550045268248	1.3238609926689118	0.004139572013130229
KDM1A	ENCFF777QJK	cor	0.051029674523879194	0.05058973908816949	0.006186101765932944
KDM5A	ENCFF072XAJ	(Intercept)	-8.804046190475638	-8.804646797484736	0.023059329868092813
KDM5A	ENCFF072XAJ	dist	-3.7601318607540746e-6	-3.75997737326003e-6	5.820081281849691e-9
KDM5A	ENCFF072XAJ	strandOrientationdivergent	-3.05530907512004	-3.055994956742097	0.010712627983883685
KDM5A	ENCFF072XAJ	strandOrientationforward	-1.5505194902688981	-1.5488809144972864	0.00621496630739596
KDM5A	ENCFF072XAJ	strandOrientationreverse	-1.1919840306192262	-1.1918041135743906	0.0039562062990302635
KDM5A	ENCFF072XAJ	score_min	1.33203282425381	1.3312860286308008	0.004092572572836976
KDM5A	ENCFF072XAJ	cor	0.06653634220886757	0.06492648054174904	0.00714321337706396
MAFK	ENCFF600DHH	(Intercept)	-8.680822401712287	-8.682720098979475	0.022616016225559397
MAFK	ENCFF600DHH	dist	-3.803358365901893e-6	-3.8033815366180836e-6	6.380252872118505e-9
MAFK	ENCFF600DHH	strandOrientationdivergent	-3.0801457434742847	-3.0806022172552954	0.010929790336848868
MAFK	ENCFF600DHH	strandOrientationforward	-1.5597320710423757	-1.5581502645022516	0.006212049950269064
MAFK	ENCFF600DHH	strandOrientationreverse	-1.1735846850212028	-1.1731155518973118	0.0036827526159011977
MAFK	ENCFF600DHH	score_min	1.312049731704509	1.311599453275274	0.0039739200588618726
MAFK	ENCFF600DHH	cor	0.7562354417444642	0.7568588834791313	0.008705915662432973
MAX	ENCFF129MWP	(Intercept)	-8.336038839898759	-8.335611628945038	0.023519682711897413
MAX	ENCFF129MWP	dist	-3.832071844796725e-6	-3.832552948395664e-6	6.575526011251891e-9
MAX	ENCFF129MWP	strandOrientationdivergent	-3.11287933909503	-3.1132066402276086	0.010875556878134374
MAX	ENCFF129MWP	strandOrientationforward	-1.5761471126721507	-1.5742453571745123	0.00608863501808449
MAX	ENCFF129MWP	strandOrientationreverse	-1.1869074613276323	-1.186486639376878	0.0034781921257927254
MAX	ENCFF129MWP	score_min	1.2429258204253337	1.242593917547747	0.004182448154363629
MAX	ENCFF129MWP	cor	1.3134202818146117	1.3171511775195666	0.008941214834087717
MAZ	ENCFF197TNR	(Intercept)	-7.671120690034986	-7.672808998434799	0.0276580330348073
MAZ	ENCFF197TNR	dist	-3.880533689860494e-6	-3.88178620755789e-6	6.716283302888322e-9
MAZ	ENCFF197TNR	strandOrientationdivergent	-3.1582195655723386	-3.1590716675830377	0.011568041679362132
MAZ	ENCFF197TNR	strandOrientationforward	-1.6075380856121266	-1.6058760094716749	0.006752125781820049
MAZ	ENCFF197TNR	strandOrientationreverse	-1.2238459808887143	-1.2225813375985164	0.004319564566775791
MAZ	ENCFF197TNR	score_min	1.1070800774074994	1.1073850143674073	0.004902965705338871
MAZ	ENCFF197TNR	cor	1.800235313907829	1.8019590651049051	0.0071456395229398334
MEF2C	ENCFF845FPS	(Intercept)	-8.331299133208452	-8.330765936473307	0.025294593300416883
MEF2C	ENCFF845FPS	dist	-3.815315521314894e-6	-3.815775532804201e-6	6.0446763445243315e-9
MEF2C	ENCFF845FPS	strandOrientationdivergent	-3.107487571803242	-3.107857274514244	0.010655109613177153
MEF2C	ENCFF845FPS	strandOrientationforward	-1.5689579176703465	-1.5676419220590714	0.006160975255436085
MEF2C	ENCFF845FPS	strandOrientationreverse	-1.2298400986961147	-1.2299441529313377	0.003926072544646957
MEF2C	ENCFF845FPS	score_min	1.243231003001424	1.242660843894957	0.004411879365053915
MEF2C	ENCFF845FPS	cor	1.2623231792179306	1.263379320689956	0.007171736969927174
MLLT1	ENCFF319DUB	(Intercept)	-8.43006097112431	-8.432340263325337	0.023265485104974237
MLLT1	ENCFF319DUB	dist	-3.826710468838436e-6	-3.826828712605414e-6	5.918918519400185e-9
MLLT1	ENCFF319DUB	strandOrientationdivergent	-3.113421758319507	-3.1147361084715133	0.010786847480725758
MLLT1	ENCFF319DUB	strandOrientationforward	-1.5986410570747296	-1.5960746233263328	0.006532365751424412
MLLT1	ENCFF319DUB	strandOrientationreverse	-1.1746023740686535	-1.173926462107037	0.003891462961869733
MLLT1	ENCFF319DUB	score_min	1.249937202965416	1.2496242177264236	0.004105936468784154
MLLT1	ENCFF319DUB	cor	1.0468098954701874	1.0454317809289284	0.004759861305966451
MTA2	ENCFF021OHP	(Intercept)	-8.489037579552885	-8.490067583273046	0.02227042288294224
MTA2	ENCFF021OHP	dist	-3.7806439650901616e-6	-3.7803159796144187e-6	5.5354007424205175e-9
MTA2	ENCFF021OHP	strandOrientationdivergent	-3.0731776163076714	-3.074631535332675	0.01156894312603467
MTA2	ENCFF021OHP	strandOrientationforward	-1.5776862104196412	-1.575849625777972	0.006263355173699723
MTA2	ENCFF021OHP	strandOrientationreverse	-1.1743286347821784	-1.1740740375756356	0.004346077267350581
MTA2	ENCFF021OHP	score_min	1.262301068523644	1.262026703859521	0.0039296040760972714
MTA2	ENCFF021OHP	cor	0.8301839833000545	0.828463351147286	0.004581755557429198
MTA3	ENCFF906VFS	(Intercept)	-8.279201721175166	-8.278005189455946	0.026176753501229374
MTA3	ENCFF906VFS	dist	-3.823236736305669e-6	-3.821822848588213e-6	6.243933534413597e-9
MTA3	ENCFF906VFS	strandOrientationdivergent	-3.110079316109815	-3.1094287314996207	0.010664840948837375
MTA3	ENCFF906VFS	strandOrientationforward	-1.571623336123038	-1.5706654848364687	0.006124926608177919
MTA3	ENCFF906VFS	strandOrientationreverse	-1.2361852291864008	-1.2357246067310035	0.0033203227975760682
MTA3	ENCFF906VFS	score_min	1.2182981470302636	1.2182898130587794	0.004489922418053927
MTA3	ENCFF906VFS	cor	1.5913876883290747	1.588577477758249	0.0083646144230768
MXI1	ENCFF840ZJM	(Intercept)	-8.46185953493401	-8.463171918790913	0.025378646719388623
MXI1	ENCFF840ZJM	dist	-3.8337581084782735e-6	-3.83397991759561e-6	6.262544698153568e-9
MXI1	ENCFF840ZJM	strandOrientationdivergent	-3.118102973226911	-3.1182713217395293	0.010775063148263979
MXI1	ENCFF840ZJM	strandOrientationforward	-1.582589400708017	-1.5807377903852604	0.006406664997270549
MXI1	ENCFF840ZJM	strandOrientationreverse	-1.1584325461528242	-1.1574766638954004	0.003662168711525128
MXI1	ENCFF840ZJM	score_min	1.263450820445395	1.2632260565619036	0.0045100595512207586
MXI1	ENCFF840ZJM	cor	1.2828812932309945	1.2834392356395874	0.008667210584517783
MYB	ENCFF784YSY	(Intercept)	-8.36227523297158	-8.360248608368888	0.02648958206479179
MYB	ENCFF784YSY	dist	-3.840365132284097e-6	-3.840982838519888e-6	6.538102504856162e-9
MYB	ENCFF784YSY	strandOrientationdivergent	-3.1112749605415115	-3.1123641379936817	0.011352800205201331
MYB	ENCFF784YSY	strandOrientationforward	-1.5783069897139637	-1.5767884395090608	0.00645144485038255
MYB	ENCFF784YSY	strandOrientationreverse	-1.169012374970983	-1.168623522753577	0.003493536492544503
MYB	ENCFF784YSY	score_min	1.2481688487937523	1.2476966684031139	0.004618380024706254
MYB	ENCFF784YSY	cor	1.2890925427668445	1.2880200443472642	0.00591401472095915
MYC	ENCFF000ROJ	(Intercept)	-8.682728937862102	-8.682212655373927	0.025185679101925575
MYC	ENCFF000ROJ	dist	-3.744095895655846e-6	-3.7439602444598113e-6	5.469492626938291e-9
MYC	ENCFF000ROJ	strandOrientationdivergent	-3.0469897892362563	-3.0476100208320958	0.009989470499273647
MYC	ENCFF000ROJ	strandOrientationforward	-1.5519995620170333	-1.550426310225609	0.006384897653535464
MYC	ENCFF000ROJ	strandOrientationreverse	-1.2085360989569838	-1.208099513059989	0.0038160092325372186
MYC	ENCFF000ROJ	score_min	1.302726348589192	1.3021822284274194	0.004449881175418913
MYC	ENCFF000ROJ	cor	0.31278529877867794	0.3140818318671292	0.007860535756431995
NBN	ENCFF601VCM	(Intercept)	-8.123595761148795	-8.123579387728643	0.025156826658119278
NBN	ENCFF601VCM	dist	-3.830823138341782e-6	-3.830842224447821e-6	5.519515436828288e-9
NBN	ENCFF601VCM	strandOrientationdivergent	-3.1113857117183614	-3.1127459546956135	0.011563565405849444
NBN	ENCFF601VCM	strandOrientationforward	-1.6007346189788636	-1.5985078174172909	0.005853216167174487
NBN	ENCFF601VCM	strandOrientationreverse	-1.192827995922532	-1.1924615718318226	0.0037534334720795157
NBN	ENCFF601VCM	score_min	1.1856085973771524	1.1848998445159595	0.004380671625722009
NBN	ENCFF601VCM	cor	1.285787091459805	1.2863705957723481	0.004381256376144861
NFE2	ENCFF684EGR	(Intercept)	-8.934853212954247	-8.936960577626149	0.025815425463552685
NFE2	ENCFF684EGR	dist	-3.8014203834767445e-6	-3.801090833655772e-6	6.424198561709215e-9
NFE2	ENCFF684EGR	strandOrientationdivergent	-3.0722362052078345	-3.0724876467027857	0.010415616805074076
NFE2	ENCFF684EGR	strandOrientationforward	-1.5435246557997242	-1.542339260633083	0.006492945039860424
NFE2	ENCFF684EGR	strandOrientationreverse	-1.1715348614454577	-1.1712930312344891	0.0036287453852947888
NFE2	ENCFF684EGR	score_min	1.3625412994934751	1.3618179361893024	0.004594628003569759
NFE2	ENCFF684EGR	cor	0.1127744763273525	0.11431708942469634	0.006126138170753059
NFIC	ENCFF996TKN	(Intercept)	-8.317905942451363	-8.313359840260638	0.024489513640362764
NFIC	ENCFF996TKN	dist	-3.8138465078644992e-6	-3.81343486144748e-6	6.416460714551771e-9
NFIC	ENCFF996TKN	strandOrientationdivergent	-3.1031488800100004	-3.1032822120447436	0.010929369515163828
NFIC	ENCFF996TKN	strandOrientationforward	-1.5749295053083006	-1.5727090917289184	0.006827779741176603
NFIC	ENCFF996TKN	strandOrientationreverse	-1.2230190325399592	-1.223200114851438	0.003841552432715406
NFIC	ENCFF996TKN	score_min	1.2308493555687998	1.2295963865248227	0.004385179798104421
NFIC	ENCFF996TKN	cor	1.3472213224161012	1.3490791091979815	0.005071694101335935
NFXL1	ENCFF502QYQ	(Intercept)	-8.594769059826067	-8.594095653234422	0.0229395593583723
NFXL1	ENCFF502QYQ	dist	-3.731412343748525e-6	-3.7309892198539772e-6	5.217227061275492e-9
NFXL1	ENCFF502QYQ	strandOrientationdivergent	-3.0463782944487527	-3.0472437732053423	0.01065101786937101
NFXL1	ENCFF502QYQ	strandOrientationforward	-1.557237538476568	-1.555252479182971	0.006255188256609675
NFXL1	ENCFF502QYQ	strandOrientationreverse	-1.2101499741167152	-1.2095393845812437	0.0039500368644264225
NFXL1	ENCFF502QYQ	score_min	1.2891670894785587	1.288326104628902	0.004123230884511615
NFXL1	ENCFF502QYQ	cor	0.44223082705818484	0.4423462755961157	0.005848379594085438
NFYA	ENCFF169EJC	(Intercept)	-8.785201935062998	-8.786662354669339	0.025254568152980418
NFYA	ENCFF169EJC	dist	-3.7844476401698332e-6	-3.7842092703321145e-6	5.551929573270896e-9
NFYA	ENCFF169EJC	strandOrientationdivergent	-3.077175231665257	-3.0775868102237816	0.010343198311628074
NFYA	ENCFF169EJC	strandOrientationforward	-1.5509948376786993	-1.5493154180030762	0.006155682961037685
NFYA	ENCFF169EJC	strandOrientationreverse	-1.1718433176478418	-1.1718724266794078	0.003863069603089595
NFYA	ENCFF169EJC	score_min	1.3401367265452326	1.3395018720009906	0.004461887478248835
NFYA	ENCFF169EJC	cor	0.1045046939414569	0.10368104357415497	0.0066705401919280255
NFYB	ENCFF112JWF	(Intercept)	-9.043723891680164	-9.046855345059223	0.02724715556446292
NFYB	ENCFF112JWF	dist	-3.796381751521692e-6	-3.7957856752064668e-6	6.826656016413704e-9
NFYB	ENCFF112JWF	strandOrientationdivergent	-3.0986244345579825	-3.0981506642175534	0.010209869923787307
NFYB	ENCFF112JWF	strandOrientationforward	-1.5607706138159365	-1.5594908937936975	0.006408523581698358
NFYB	ENCFF112JWF	strandOrientationreverse	-1.1551321578539573	-1.1549547569843521	0.0032241285424954172
NFYB	ENCFF112JWF	score_min	1.3864726482718495	1.385818991906715	0.0048170997969557835
NFYB	ENCFF112JWF	cor	-0.020402726284582413	-0.019822061286191073	0.004739311604824595
NR2C1	ENCFF165WVA	(Intercept)	-8.413648229266004	-8.413552672928807	0.024673242608271452
NR2C1	ENCFF165WVA	dist	-3.742767816218743e-6	-3.7426703553809174e-6	5.572021520716716e-9
NR2C1	ENCFF165WVA	strandOrientationdivergent	-3.055419872893892	-3.056767869785478	0.01057604360975059
NR2C1	ENCFF165WVA	strandOrientationforward	-1.5702349760409895	-1.5682750423320506	0.006126314938804894
NR2C1	ENCFF165WVA	strandOrientationreverse	-1.2188266339898828	-1.2178163596548408	0.003860081323557135
NR2C1	ENCFF165WVA	score_min	1.2531524713152642	1.2523699472470087	0.004474909835057698
NR2C1	ENCFF165WVA	cor	0.7929472966330031	0.7932021758842989	0.006178881441178541
NR2C2	ENCFF861LRM	(Intercept)	-8.866389133652001	-8.868715695672712	0.02563673879943788
NR2C2	ENCFF861LRM	dist	-3.8015371737855278e-6	-3.802154298417204e-6	5.899280589335001e-9
NR2C2	ENCFF861LRM	strandOrientationdivergent	-3.085944752507854	-3.085443905433774	0.010317082885350524
NR2C2	ENCFF861LRM	strandOrientationforward	-1.557892323618672	-1.5567055843004027	0.006313788813788023
NR2C2	ENCFF861LRM	strandOrientationreverse	-1.1651597629164077	-1.1651290597233022	0.0036277684372999835
NR2C2	ENCFF861LRM	score_min	1.3490265324273039	1.3484735652437407	0.00450270675038035
NR2C2	ENCFF861LRM	cor	0.38427235497400297	0.38512778773694895	0.008784163210197177
NR2F1	ENCFF653AWK	(Intercept)	-8.314072818171702	-8.31431390095506	0.02432722682680878
NR2F1	ENCFF653AWK	dist	-3.7694664977305456e-6	-3.769439372946571e-6	5.633109877266388e-9
NR2F1	ENCFF653AWK	strandOrientationdivergent	-3.0626243623167033	-3.0636141622607727	0.01073994334457968
NR2F1	ENCFF653AWK	strandOrientationforward	-1.5765956936190855	-1.574155278065498	0.006131860373455016
NR2F1	ENCFF653AWK	strandOrientationreverse	-1.206493055983243	-1.2059226963073797	0.004056635473812496
NR2F1	ENCFF653AWK	score_min	1.2322998507351097	1.2314523236225368	0.00430070965420894
NR2F1	ENCFF653AWK	cor	0.8603119941137953	0.8603499667831076	0.0038920894998028793
NRF1	ENCFF323SMV	(Intercept)	-8.586193448646236	-8.587943209739016	0.02404790147495126
NRF1	ENCFF323SMV	dist	-3.807361416513205e-6	-3.8075616884173134e-6	6.685020939547829e-9
NRF1	ENCFF323SMV	strandOrientationdivergent	-3.086328062399757	-3.086922403419077	0.011111285007726013
NRF1	ENCFF323SMV	strandOrientationforward	-1.562839856886822	-1.561866317987779	0.006641194313331878
NRF1	ENCFF323SMV	strandOrientationreverse	-1.1866116838665481	-1.1860776551315708	0.0036818997915935587
NRF1	ENCFF323SMV	score_min	1.294151320338907	1.2932790058949593	0.004258316866614572
NRF1	ENCFF323SMV	cor	1.0288021981040099	1.0283740980719003	0.00660730236718895
PKNOX1	ENCFF837DPP	(Intercept)	-8.625944797962289	-8.626260118387137	0.021635845661066706
PKNOX1	ENCFF837DPP	dist	-3.7792962320621835e-6	-3.779159304390454e-6	5.888733747990233e-9
PKNOX1	ENCFF837DPP	strandOrientationdivergent	-3.0614141350502675	-3.062223486549157	0.010928756550568684
PKNOX1	ENCFF837DPP	strandOrientationforward	-1.5645053539780467	-1.563036029736008	0.006521650565483549
PKNOX1	ENCFF837DPP	strandOrientationreverse	-1.1735023987499127	-1.1731369658938782	0.003793052606744818
PKNOX1	ENCFF837DPP	score_min	1.294824963264298	1.2942698980519896	0.0038691343025333753
PKNOX1	ENCFF837DPP	cor	0.5712169065569781	0.5696010525681328	0.005789936590107124
POLR2A	ENCFF368HBX	(Intercept)	-8.691285031648974	-8.692860968897287	0.023232944390898288
POLR2A	ENCFF368HBX	dist	-3.78145082858448e-6	-3.780771554128025e-6	6.0738576277803005e-9
POLR2A	ENCFF368HBX	strandOrientationdivergent	-3.055240559583874	-3.0559039549875484	0.01063579073297222
POLR2A	ENCFF368HBX	strandOrientationforward	-1.5548255028387687	-1.552877129773953	0.00603775479826513
POLR2A	ENCFF368HBX	strandOrientationreverse	-1.1803501909507466	-1.1801525322019655	0.0034431191588392223
POLR2A	ENCFF368HBX	score_min	1.318210280948547	1.3177465820468703	0.004106316474434334
POLR2A	ENCFF368HBX	cor	0.326023796066106	0.32649702080875836	0.007352806162527287
POLR2AphosphoS2	ENCFF031RUV	(Intercept)	-8.911254847204406	-8.911786016901022	0.023833844460452964
POLR2AphosphoS2	ENCFF031RUV	dist	-3.7843231858276567e-6	-3.783571175442217e-6	6.750565881156626e-9
POLR2AphosphoS2	ENCFF031RUV	strandOrientationdivergent	-3.091363701919014	-3.0912877778440078	0.01111517641125447
POLR2AphosphoS2	ENCFF031RUV	strandOrientationforward	-1.5643289780491785	-1.5630970631498509	0.00633765845540008
POLR2AphosphoS2	ENCFF031RUV	strandOrientationreverse	-1.13429607753106	-1.1338692419120946	0.0038440527353868882
POLR2AphosphoS2	ENCFF031RUV	score_min	1.358508642894627	1.358018631697655	0.004276211465354506
POLR2AphosphoS2	ENCFF031RUV	cor	0.31756212217823204	0.31768565525882425	0.00969402873277225
POLR2AphosphoS5	ENCFF002UPS	(Intercept)	-8.894543136575333	-8.89865009692792	0.02534553072832703
POLR2AphosphoS5	ENCFF002UPS	dist	-3.797185246839746e-6	-3.7974811575266366e-6	5.377671161154637e-9
POLR2AphosphoS5	ENCFF002UPS	strandOrientationdivergent	-3.080961603610785	-3.081528174869801	0.011022323213858494
POLR2AphosphoS5	ENCFF002UPS	strandOrientationforward	-1.5489952484581944	-1.5478227735398566	0.006210645996320189
POLR2AphosphoS5	ENCFF002UPS	strandOrientationreverse	-1.173916288336337	-1.1738338489542062	0.003581540214560697
POLR2AphosphoS5	ENCFF002UPS	score_min	1.354740602335886	1.3544236782520893	0.004448227087365056
POLR2AphosphoS5	ENCFF002UPS	cor	0.14460391783267798	0.14270786144559494	0.005138163167239208
POLR3G	ENCFF000WCM	(Intercept)	-8.017276361014025	-8.017612964375164	0.021826681760960535
POLR3G	ENCFF000WCM	dist	-3.853176474484749e-6	-3.852592877582255e-6	6.2097771150691305e-9
POLR3G	ENCFF000WCM	strandOrientationdivergent	-3.1015960662862243	-3.1000063219396594	0.01069896368655739
POLR3G	ENCFF000WCM	strandOrientationforward	-1.5618419287869238	-1.5603717037650688	0.007423508196510105
POLR3G	ENCFF000WCM	strandOrientationreverse	-1.1943982065338294	-1.1942474626598882	0.004601144749463111
POLR3G	ENCFF000WCM	score_min	1.2412531907060738	1.2403652111496903	0.0039926100116354874
POLR3G	ENCFF000WCM	cor	0.6970416073877687	0.6974170502831737	0.011358650474775875
RAD21	ENCFF567EGK	(Intercept)	-7.016824096760952	-7.021846530977223	0.02895988910308074
RAD21	ENCFF567EGK	dist	-4.139136743824308e-6	-4.138271414445347e-6	7.157902912366325e-9
RAD21	ENCFF567EGK	strandOrientationdivergent	-3.276876992359569	-3.27617317137425	0.011727569082408499
RAD21	ENCFF567EGK	strandOrientationforward	-1.6724477161227087	-1.6705611536173164	0.005990110139158156
RAD21	ENCFF567EGK	strandOrientationreverse	-1.1893114066827364	-1.1889132582146522	0.004332857672917218
RAD21	ENCFF567EGK	score_min	0.8458990087840071	0.8461095688336702	0.004983411865647548
RAD21	ENCFF567EGK	cor	2.529232469752841	2.528459579310902	0.008652609015354562
RAD51	ENCFF017TFI	(Intercept)	-8.698256922156162	-8.698403104147566	0.02263959601744599
RAD51	ENCFF017TFI	dist	-3.779619813389491e-6	-3.7799157076325696e-6	5.892371667697757e-9
RAD51	ENCFF017TFI	strandOrientationdivergent	-3.0722673905812	-3.073014354328432	0.010467463036768971
RAD51	ENCFF017TFI	strandOrientationforward	-1.5757134287826673	-1.573633360991518	0.006286467714382276
RAD51	ENCFF017TFI	strandOrientationreverse	-1.155631464030993	-1.1553210115471144	0.003690819885442563
RAD51	ENCFF017TFI	score_min	1.3080726943069225	1.3073387413750974	0.004055354908103511
RAD51	ENCFF017TFI	cor	0.6024174539471379	0.6003363928433598	0.005635259512425278
RB1	ENCFF487HQU	(Intercept)	-7.584049195192099	-7.5852573600903614	0.025293521851153876
RB1	ENCFF487HQU	dist	-3.8962905570796785e-6	-3.895403062640469e-6	6.8367290124010586e-9
RB1	ENCFF487HQU	strandOrientationdivergent	-3.1459127711834625	-3.146442009658169	0.011767370529928135
RB1	ENCFF487HQU	strandOrientationforward	-1.615414055282383	-1.6130548425763407	0.006608712151672832
RB1	ENCFF487HQU	strandOrientationreverse	-1.2210031623015842	-1.2207841107391326	0.0037018082973197734
RB1	ENCFF487HQU	score_min	1.0677940745388113	1.067823745906233	0.004158319772537009
RB1	ENCFF487HQU	cor	1.6536532922962295	1.6506619815563348	0.006017850811480322
RBBP5	ENCFF042FRR	(Intercept)	-8.761655045188364	-8.760898596215519	0.02384868808932828
RBBP5	ENCFF042FRR	dist	-3.764836432195932e-6	-3.7648532770119978e-6	5.9761732522996695e-9
RBBP5	ENCFF042FRR	strandOrientationdivergent	-3.057142727123423	-3.0580649097456005	0.01066727142691861
RBBP5	ENCFF042FRR	strandOrientationforward	-1.5560279724427217	-1.554407972917608	0.006222781428571849
RBBP5	ENCFF042FRR	strandOrientationreverse	-1.1784854167786927	-1.1779248393740887	0.003841803781829084
RBBP5	ENCFF042FRR	score_min	1.3266692619599156	1.3255413644613365	0.004266564445885046
RBBP5	ENCFF042FRR	cor	0.04489353963100441	0.04421930577261416	0.005937849471900009
RCOR1	ENCFF483ELN	(Intercept)	-8.2110408042333	-8.210228275040691	0.022623179979334662
RCOR1	ENCFF483ELN	dist	-3.856447492272985e-6	-3.856949372155573e-6	6.8327854331446186e-9
RCOR1	ENCFF483ELN	strandOrientationdivergent	-3.12837574065002	-3.1286055852548658	0.011409490267789504
RCOR1	ENCFF483ELN	strandOrientationforward	-1.5907566726471918	-1.588464269494155	0.006867266397114825
RCOR1	ENCFF483ELN	strandOrientationreverse	-1.1861615857497023	-1.1857596120689908	0.003559186088010693
RCOR1	ENCFF483ELN	score_min	1.218006085651773	1.2176255826938904	0.004056918240238381
RCOR1	ENCFF483ELN	cor	1.555592664064174	1.5561373581469842	0.007912624564441015
RELA	ENCFF000VZM	(Intercept)	-7.736414165061591	-7.735417375845176	0.024254389703961262
RELA	ENCFF000VZM	dist	-3.93208357062223e-6	-3.932714320065447e-6	5.565141680011232e-9
RELA	ENCFF000VZM	strandOrientationdivergent	-3.1870203049771266	-3.1867675365959203	0.011510497101432465
RELA	ENCFF000VZM	strandOrientationforward	-1.612167799453147	-1.6086538046754217	0.007176896396198283
RELA	ENCFF000VZM	strandOrientationreverse	-1.2397169225358147	-1.2397962577305945	0.0037234721876935988
RELA	ENCFF000VZM	score_min	1.1081768392669948	1.1069281247422946	0.0044008971572564596
RELA	ENCFF000VZM	cor	2.0280522696170036	2.0288927872146196	0.008208179575193578
RELB	ENCFF389ZFU	(Intercept)	-8.524493957294023	-8.525687996038148	0.02424270373320644
RELB	ENCFF389ZFU	dist	-3.8106425470249763e-6	-3.8107039710739137e-6	5.8768111711643065e-9
RELB	ENCFF389ZFU	strandOrientationdivergent	-3.0974956699725906	-3.0981581378549627	0.01086251455841982
RELB	ENCFF389ZFU	strandOrientationforward	-1.5855102509022982	-1.582837757549639	0.006353833709725801
RELB	ENCFF389ZFU	strandOrientationreverse	-1.1574392726391152	-1.156940990388505	0.003769671890870955
RELB	ENCFF389ZFU	score_min	1.2697788733484294	1.2695002527987396	0.00421957954801121
RELB	ENCFF389ZFU	cor	0.8983846513687106	0.9011103830300236	0.005687488355380201
REST	ENCFF833UPI	(Intercept)	-8.73354475339073	-8.735200554111792	0.02354328803210166
REST	ENCFF833UPI	dist	-3.778454864110521e-6	-3.778769766683433e-6	5.920631370896306e-9
REST	ENCFF833UPI	strandOrientationdivergent	-3.0646435856205874	-3.065084140995869	0.010553951721712347
REST	ENCFF833UPI	strandOrientationforward	-1.549213601790529	-1.5479534503837753	0.00608783266003949
REST	ENCFF833UPI	strandOrientationreverse	-1.1879367188588774	-1.1876485691518908	0.0038164991145407026
REST	ENCFF833UPI	score_min	1.3258827631639403	1.325322088451144	0.004147471780379371
REST	ENCFF833UPI	cor	0.29165970726944135	0.2924211512146151	0.012371933136465866
RFX5	ENCFF972UXB	(Intercept)	-8.53363671002558	-8.534217349259647	0.025132656238021495
RFX5	ENCFF972UXB	dist	-3.818327389444319e-6	-3.817943458324597e-6	6.2782587094568505e-9
RFX5	ENCFF972UXB	strandOrientationdivergent	-3.1045831340818935	-3.105222025680023	0.011213585395166939
RFX5	ENCFF972UXB	strandOrientationforward	-1.5725022670539437	-1.5714596431366648	0.006194253427725375
RFX5	ENCFF972UXB	strandOrientationreverse	-1.1742388918157085	-1.1737723838111433	0.003732694227690881
RFX5	ENCFF972UXB	score_min	1.2822408650639778	1.281243776825407	0.0044980913616222175
RFX5	ENCFF972UXB	cor	1.0939260781382691	1.0929842493324782	0.00647569586155394
RUNX3	ENCFF238SAO	(Intercept)	-7.236158891513	-7.242152211741498	0.02483665351646744
RUNX3	ENCFF238SAO	dist	-3.995309693088794e-6	-3.9954967799721e-6	7.459620859261097e-9
RUNX3	ENCFF238SAO	strandOrientationdivergent	-3.229666887717097	-3.22962840111519	0.011233215149392071
RUNX3	ENCFF238SAO	strandOrientationforward	-1.6431346766956563	-1.641172968128358	0.0062329839210432435
RUNX3	ENCFF238SAO	strandOrientationreverse	-1.2492715403148855	-1.2485402652092372	0.0040322992575585834
RUNX3	ENCFF238SAO	score_min	0.9821788887714822	0.9824078437593831	0.004374135161683919
RUNX3	ENCFF238SAO	cor	2.255354631547249	2.2564371961358223	0.006043556983825232
SIN3A	ENCFF747GCR	(Intercept)	-8.902328049477738	-8.903208111112225	0.02874379790140554
SIN3A	ENCFF747GCR	dist	-3.7949635126347477e-6	-3.7957611707686825e-6	6.523978619549695e-9
SIN3A	ENCFF747GCR	strandOrientationdivergent	-3.084416095665348	-3.0852464854222843	0.011155377521816405
SIN3A	ENCFF747GCR	strandOrientationforward	-1.5673065412536402	-1.565464156990747	0.00667423273329701
SIN3A	ENCFF747GCR	strandOrientationreverse	-1.1448985456790304	-1.1441157560824822	0.0037922062284465245
SIN3A	ENCFF747GCR	score_min	1.351391820894288	1.3505057830199845	0.005054217284155905
SIN3A	ENCFF747GCR	cor	0.6216411390612279	0.6190132880124575	0.006795472875808401
SKIL	ENCFF261BLY	(Intercept)	-8.001752577812832	-8.003536485936106	0.02422141065892442
SKIL	ENCFF261BLY	dist	-3.878164137532787e-6	-3.877523612313313e-6	5.962135757944919e-9
SKIL	ENCFF261BLY	strandOrientationdivergent	-3.145935479085229	-3.146186841748385	0.011981304251448601
SKIL	ENCFF261BLY	strandOrientationforward	-1.6052267796937993	-1.6023835467326013	0.006896903994692071
SKIL	ENCFF261BLY	strandOrientationreverse	-1.244543522221596	-1.2442335969213634	0.0041489555110098995
SKIL	ENCFF261BLY	score_min	1.1546601801369518	1.1543712796911811	0.004218282333900541
SKIL	ENCFF261BLY	cor	1.544093929128998	1.5425016075737872	0.005442051140298752
SMAD5	ENCFF865SUF	(Intercept)	-8.824209252171501	-8.825737095274512	0.026195584639106335
SMAD5	ENCFF865SUF	dist	-3.753663898465244e-6	-3.75359224480583e-6	5.509809510782018e-9
SMAD5	ENCFF865SUF	strandOrientationdivergent	-3.059457607251701	-3.0601590473402007	0.010668830687814632
SMAD5	ENCFF865SUF	strandOrientationforward	-1.5532841400254243	-1.5517630464167498	0.00614651275297167
SMAD5	ENCFF865SUF	strandOrientationreverse	-1.2063754956129455	-1.20571609745339	0.0041895707102258244
SMAD5	ENCFF865SUF	score_min	1.3362516447227688	1.33562397196226	0.0046044882479114235
SMAD5	ENCFF865SUF	cor	0.19968015448667722	0.20118532059250577	0.006799827113823774
SMARCA5	ENCFF943WFE	(Intercept)	-7.533856866890501	-7.533676769077058	0.02215166542527819
SMARCA5	ENCFF943WFE	dist	-3.917230978384556e-6	-3.916255925197618e-6	7.373524054049396e-9
SMARCA5	ENCFF943WFE	strandOrientationdivergent	-3.1657996678405915	-3.1643447139464946	0.011039846433574906
SMARCA5	ENCFF943WFE	strandOrientationforward	-1.6237629135842413	-1.6216722957851406	0.006507382130739907
SMARCA5	ENCFF943WFE	strandOrientationreverse	-1.2139212137960629	-1.2146452112387918	0.003173013343523566
SMARCA5	ENCFF943WFE	score_min	1.048882877226933	1.0480519514103674	0.004037981515174292
SMARCA5	ENCFF943WFE	cor	1.9109323322428082	1.9080733636314746	0.00793804040249262
SMC3	ENCFF235BXX	(Intercept)	-6.746383223027469	-6.748860202649826	0.02832156827700993
SMC3	ENCFF235BXX	dist	-4.15122275421594e-6	-4.149536167357947e-6	5.881554016796957e-9
SMC3	ENCFF235BXX	strandOrientationdivergent	-3.2926597721651074	-3.292017509744613	0.011127798516954453
SMC3	ENCFF235BXX	strandOrientationforward	-1.6934909754723189	-1.6902053649376452	0.006327523110993274
SMC3	ENCFF235BXX	strandOrientationreverse	-1.195808034100397	-1.1954617899314977	0.003642256883598177
SMC3	ENCFF235BXX	score_min	0.8277678944174456	0.8276422870417302	0.005116116879251452
SMC3	ENCFF235BXX	cor	2.7157959572648296	2.714400593704396	0.007902347786342792
SRF	ENCFF662ICX	(Intercept)	-8.771531347059653	-8.771976634243767	0.02271396856031314
SRF	ENCFF662ICX	dist	-3.761977744340531e-6	-3.7621168295630786e-6	6.11424844637698e-9
SRF	ENCFF662ICX	strandOrientationdivergent	-3.0650960487811116	-3.0652386097465474	0.010433167716701318
SRF	ENCFF662ICX	strandOrientationforward	-1.5548062901740571	-1.5533011304334838	0.00612723465713569
SRF	ENCFF662ICX	strandOrientationreverse	-1.1878674790974582	-1.1875212052411344	0.003922026198935764
SRF	ENCFF662ICX	score_min	1.330448192319279	1.3294928923277443	0.004044547894502445
SRF	ENCFF662ICX	cor	0.1261486035543673	0.1224061320733346	0.008286062670174633
STAT1	ENCFF498FZI	(Intercept)	-8.211327546050375	-8.209103554046756	0.02230381270941386
STAT1	ENCFF498FZI	dist	-3.783464522934502e-6	-3.784721334436125e-6	5.212934531691384e-9
STAT1	ENCFF498FZI	strandOrientationdivergent	-3.086962155392014	-3.087425812961268	0.011277372379856298
STAT1	ENCFF498FZI	strandOrientationforward	-1.579094179856572	-1.5764933624933013	0.0061789162079223595
STAT1	ENCFF498FZI	strandOrientationreverse	-1.2329877864789336	-1.2329664515948797	0.0038273370002844514
STAT1	ENCFF498FZI	score_min	1.211199834572305	1.210796470544659	0.0039254876983555185
STAT1	ENCFF498FZI	cor	1.0149913660805698	1.0170085051938749	0.006818435894420706
STAT3	ENCFF133SDO	(Intercept)	-8.54520092943029	-8.547060710608452	0.02245744415986508
STAT3	ENCFF133SDO	dist	-3.845998452273055e-6	-3.845192041480487e-6	6.08262253935377e-9
STAT3	ENCFF133SDO	strandOrientationdivergent	-3.1086552481429863	-3.1097236428567925	0.010844134836558716
STAT3	ENCFF133SDO	strandOrientationforward	-1.5701816909163755	-1.5690196981842655	0.006326909076968658
STAT3	ENCFF133SDO	strandOrientationreverse	-1.1655815948342056	-1.1645386690705042	0.0038287844716729256
STAT3	ENCFF133SDO	score_min	1.2838075694538396	1.2829676514308277	0.004045813295602445
STAT3	ENCFF133SDO	cor	1.1587406550748385	1.158515263898368	0.0037097588601744855
TAF1	ENCFF411THR	(Intercept)	-8.630778842564649	-8.632742789575758	0.024398770127190095
TAF1	ENCFF411THR	dist	-3.759368820367568e-6	-3.7593835083517803e-6	5.5198579558412e-9
TAF1	ENCFF411THR	strandOrientationdivergent	-3.072705654035907	-3.0731139331336834	0.010577856281034881
TAF1	ENCFF411THR	strandOrientationforward	-1.5504521737320274	-1.5487780164502931	0.006368280735823348
TAF1	ENCFF411THR	strandOrientationreverse	-1.2310288354561998	-1.2304215505862572	0.003898298189251429
TAF1	ENCFF411THR	score_min	1.3029383072510556	1.302496760242835	0.004331802041245227
TAF1	ENCFF411THR	cor	0.6939539210283122	0.6938358068865972	0.006332233145172118
TARDBP	ENCFF833JIA	(Intercept)	-8.144202712656716	-8.14428936459533	0.023326296336751772
TARDBP	ENCFF833JIA	dist	-3.863233985340272e-6	-3.863813224771288e-6	6.347549329611121e-9
TARDBP	ENCFF833JIA	strandOrientationdivergent	-3.1362289840816198	-3.136876357447882	0.011525265138229202
TARDBP	ENCFF833JIA	strandOrientationforward	-1.6107722204302672	-1.6082026557725637	0.006908311567534259
TARDBP	ENCFF833JIA	strandOrientationreverse	-1.1765239209566534	-1.1759315012991922	0.004253224244788273
TARDBP	ENCFF833JIA	score_min	1.1899541800529145	1.1893802036196006	0.004098014591624686
TARDBP	ENCFF833JIA	cor	1.3800079908946565	1.3792667934938332	0.004319740304729408
TBL1XR1	ENCFF816KEF	(Intercept)	-8.086271758151854	-8.0874356378803	0.02374279912145997
TBL1XR1	ENCFF816KEF	dist	-3.879991402298263e-6	-3.879829011796476e-6	6.114585710489284e-9
TBL1XR1	ENCFF816KEF	strandOrientationdivergent	-3.134503231037205	-3.1345403868977337	0.01123108862406691
TBL1XR1	ENCFF816KEF	strandOrientationforward	-1.5858443992576639	-1.5840537589526242	0.006482054613708541
TBL1XR1	ENCFF816KEF	strandOrientationreverse	-1.1921937759062329	-1.1910617471172866	0.0035189191174384927
TBL1XR1	ENCFF816KEF	score_min	1.1915917698809226	1.1912491793815991	0.0041394034092177845
TBL1XR1	ENCFF816KEF	cor	1.6451278342306632	1.645869397334717	0.0077217911060380034
TBP	ENCFF595HYD	(Intercept)	-8.64315899789197	-8.643737046155405	0.024588836423176694
TBP	ENCFF595HYD	dist	-3.829223095491594e-6	-3.829068589236565e-6	6.630685022763244e-9
TBP	ENCFF595HYD	strandOrientationdivergent	-3.1109240831409926	-3.1111413695364947	0.011162917555499549
TBP	ENCFF595HYD	strandOrientationforward	-1.5653332846205625	-1.5637925927103717	0.006313909424952217
TBP	ENCFF595HYD	strandOrientationreverse	-1.178732906415038	-1.1782584291054397	0.003818470568625333
TBP	ENCFF595HYD	score_min	1.3038638426790758	1.3040796713939489	0.004369292842096495
TBP	ENCFF595HYD	cor	1.0617807466846871	1.0619340648054807	0.006045730510774229
TBX21	ENCFF193RDB	(Intercept)	-8.47845909505665	-8.478570878192627	0.019238523276651653
TBX21	ENCFF193RDB	dist	-3.8423040654929735e-6	-3.8423510511755665e-6	6.330972391770515e-9
TBX21	ENCFF193RDB	strandOrientationdivergent	-3.1185391230023036	-3.1199070798492117	0.01116742369949862
TBX21	ENCFF193RDB	strandOrientationforward	-1.584723702903715	-1.583241394707965	0.006251928594964156
TBX21	ENCFF193RDB	strandOrientationreverse	-1.1733255325847765	-1.1725067383459398	0.0038461408058381628
TBX21	ENCFF193RDB	score_min	1.259438084090832	1.2587598254096268	0.0035080584054638236
TBX21	ENCFF193RDB	cor	1.1113285047235701	1.1126467373824984	0.007078181898457084
TCF12	ENCFF827HKI	(Intercept)	-8.468512472710799	-8.46999236467499	0.02216730806108152
TCF12	ENCFF827HKI	dist	-3.7778079939810667e-6	-3.7775644379722707e-6	6.28654561097735e-9
TCF12	ENCFF827HKI	strandOrientationdivergent	-3.0699299211478315	-3.0703411571004935	0.010657982141248013
TCF12	ENCFF827HKI	strandOrientationforward	-1.569601090993302	-1.567717806787181	0.006120744530734464
TCF12	ENCFF827HKI	strandOrientationreverse	-1.1993164107526562	-1.1995322723406088	0.0038300547659644905
TCF12	ENCFF827HKI	score_min	1.2628140459308963	1.2621840904209018	0.004005379738947455
TCF12	ENCFF827HKI	cor	0.8777402265668179	0.8783782324366585	0.00443762495973653
TCF7	ENCFF758RBF	(Intercept)	-8.44072191972392	-8.44418139661915	0.022563656382135835
TCF7	ENCFF758RBF	dist	-3.772417297391486e-6	-3.7721771980168794e-6	5.71849746028603e-9
TCF7	ENCFF758RBF	strandOrientationdivergent	-3.0841411055606756	-3.0849162135255757	0.011219876558236936
TCF7	ENCFF758RBF	strandOrientationforward	-1.5639964422189503	-1.562791413539129	0.006721306823311571
TCF7	ENCFF758RBF	strandOrientationreverse	-1.237165412681128	-1.236646503521936	0.003880298451082805
TCF7	ENCFF758RBF	score_min	1.258799584200384	1.258371436693713	0.0040572196066957535
TCF7	ENCFF758RBF	cor	1.1419701115039382	1.1417164657337078	0.006862413645677981
TRIM22	ENCFF896KWL	(Intercept)	-6.5443181261499115	-6.5543682714265525	0.028107838155867673
TRIM22	ENCFF896KWL	dist	-4.123478236114842e-6	-4.12420760806021e-6	7.1486888364835695e-9
TRIM22	ENCFF896KWL	strandOrientationdivergent	-3.3040615960139537	-3.3040132372949502	0.011067357298137993
TRIM22	ENCFF896KWL	strandOrientationforward	-1.7147918708538725	-1.712064256538253	0.005915535484215071
TRIM22	ENCFF896KWL	strandOrientationreverse	-1.2440858276402347	-1.2433801873859487	0.003565326046804057
TRIM22	ENCFF896KWL	score_min	0.7992189908124041	0.7998119496299338	0.004868034220782421
TRIM22	ENCFF896KWL	cor	2.5554548528921917	2.55469945542119	0.005761981980962471
UBTF	ENCFF127MEU	(Intercept)	-8.947716989261632	-8.952337377121241	0.0267132530690381
UBTF	ENCFF127MEU	dist	-3.79395907522779e-6	-3.7945584481418222e-6	6.637135550582324e-9
UBTF	ENCFF127MEU	strandOrientationdivergent	-3.0832514626075778	-3.083609249365537	0.010856099076978822
UBTF	ENCFF127MEU	strandOrientationforward	-1.558786129935586	-1.5576504696600977	0.006701932701925482
UBTF	ENCFF127MEU	strandOrientationreverse	-1.1479724001435776	-1.1472543660342636	0.00372046861287281
UBTF	ENCFF127MEU	score_min	1.360350774517522	1.3599920651098385	0.004707584322923212
UBTF	ENCFF127MEU	cor	0.49024817822478084	0.48913799503455746	0.010432801057636987
USF1	ENCFF427RYH	(Intercept)	-8.73236916724662	-8.732413866903485	0.02334640827300256
USF1	ENCFF427RYH	dist	-3.774390396122575e-6	-3.774341413700595e-6	5.834763414728384e-9
USF1	ENCFF427RYH	strandOrientationdivergent	-3.0585633669914647	-3.0590268752663934	0.010560711959512753
USF1	ENCFF427RYH	strandOrientationforward	-1.5500515030172963	-1.5484426418781294	0.00614740748271386
USF1	ENCFF427RYH	strandOrientationreverse	-1.1957720016610254	-1.1957776544867396	0.004128163925822309
USF1	ENCFF427RYH	score_min	1.3276471761011175	1.3267880949648903	0.00415272050430922
USF1	ENCFF427RYH	cor	0.09157423762721123	0.09103226340044576	0.007030759016203282
USF2	ENCFF830RBU	(Intercept)	-8.750101742074643	-8.751560747830702	0.02332988896406027
USF2	ENCFF830RBU	dist	-3.788179370918095e-6	-3.7881031288801355e-6	6.387798339040128e-9
USF2	ENCFF830RBU	strandOrientationdivergent	-3.0717256409310423	-3.0727069775713054	0.010682239428144407
USF2	ENCFF830RBU	strandOrientationforward	-1.5530122883194843	-1.551965329740522	0.006292425230064493
USF2	ENCFF830RBU	strandOrientationreverse	-1.160999177025149	-1.1607922085967917	0.0038224804182038436
USF2	ENCFF830RBU	score_min	1.3271321580334954	1.3266490168307894	0.004106573045499048
USF2	ENCFF830RBU	cor	0.46974491599716384	0.46804679821066447	0.007998630732551209
WHSC1	ENCFF153UKM	(Intercept)	-8.823539065460778	-8.825375203295245	0.023758018561315344
WHSC1	ENCFF153UKM	dist	-3.7476379384207057e-6	-3.747392688748012e-6	5.609149195976077e-9
WHSC1	ENCFF153UKM	strandOrientationdivergent	-3.0562729812178437	-3.0569420344579648	0.010761736842768859
WHSC1	ENCFF153UKM	strandOrientationforward	-1.5524301095593669	-1.5504613817651764	0.006518246812115793
WHSC1	ENCFF153UKM	strandOrientationreverse	-1.2001574398565984	-1.1998303025417196	0.004312398193673335
WHSC1	ENCFF153UKM	score_min	1.3356155164453276	1.335184741519417	0.004228196840939231
WHSC1	ENCFF153UKM	cor	0.04600636285023806	0.04603684591386186	0.005076119598309259
WRNIP1	ENCFF526WWD	(Intercept)	-8.506802532826818	-8.50793463373325	0.021193661630793986
WRNIP1	ENCFF526WWD	dist	-3.8273991375370245e-6	-3.826941112203943e-6	5.858201631361515e-9
WRNIP1	ENCFF526WWD	strandOrientationdivergent	-3.0996071595085772	-3.1000386795965005	0.011134612936347031
WRNIP1	ENCFF526WWD	strandOrientationforward	-1.57127886071532	-1.5696627984054374	0.006795411682726672
WRNIP1	ENCFF526WWD	strandOrientationreverse	-1.1697099567341338	-1.1694449377226226	0.0040709318627664
WRNIP1	ENCFF526WWD	score_min	1.2757361688164441	1.2749028130389823	0.003799162305245724
WRNIP1	ENCFF526WWD	cor	0.9978648086320364	0.998868648366869	0.007662882861325178
YBX1	ENCFF026GPY	(Intercept)	-8.849292911785861	-8.847890675883335	0.02408873782128476
YBX1	ENCFF026GPY	dist	-3.7597733742756632e-6	-3.760548220938317e-6	5.80477241297537e-9
YBX1	ENCFF026GPY	strandOrientationdivergent	-3.0650241491909926	-3.066009283156392	0.010933115852990534
YBX1	ENCFF026GPY	strandOrientationforward	-1.5779415661622804	-1.576217305811395	0.006544022423490842
YBX1	ENCFF026GPY	strandOrientationreverse	-1.1327733632160546	-1.1320329602609407	0.004059165351694956
YBX1	ENCFF026GPY	score_min	1.3376608164053314	1.337166381607493	0.004297183571818992
YBX1	ENCFF026GPY	cor	0.3014163580727535	0.30326715454280706	0.0077049641741271
YY1	ENCFF000WGG	(Intercept)	-8.878458547229453	-8.879766394904637	0.029099816672455918
YY1	ENCFF000WGG	dist	-3.814927054487624e-6	-3.815554473154434e-6	6.1437139503736186e-9
YY1	ENCFF000WGG	strandOrientationdivergent	-3.109429565096039	-3.109814527038541	0.009590546190189514
YY1	ENCFF000WGG	strandOrientationforward	-1.5462959997266044	-1.5458542554316868	0.006234776854600481
YY1	ENCFF000WGG	strandOrientationreverse	-1.1544780376614112	-1.1546243995261867	0.004003225876160698
YY1	ENCFF000WGG	score_min	1.3680678533785133	1.3678778460324632	0.004992992351507523
YY1	ENCFF000WGG	cor	0.12211372071949571	0.12203647181666874	0.0067723321906766045
ZBED1	ENCFF546BYE	(Intercept)	-8.638701338314588	-8.6403665391758	0.02478493198973955
ZBED1	ENCFF546BYE	dist	-3.762982602087293e-6	-3.7624410820529416e-6	5.6430297045495356e-9
ZBED1	ENCFF546BYE	strandOrientationdivergent	-3.0684427888974204	-3.0690806776858435	0.010643257424817773
ZBED1	ENCFF546BYE	strandOrientationforward	-1.5537852933338696	-1.5523508809235245	0.006205213843777139
ZBED1	ENCFF546BYE	strandOrientationreverse	-1.2208186914270645	-1.2206586264586448	0.003973972322394188
ZBED1	ENCFF546BYE	score_min	1.3011307295542027	1.300543781914936	0.0043691171909416345
ZBED1	ENCFF546BYE	cor	0.7799289109189138	0.7790912797667715	0.007533926134127857
ZBTB33	ENCFF996DZN	(Intercept)	-8.522626127028511	-8.522451689868056	0.02288220248050097
ZBTB33	ENCFF996DZN	dist	-3.7631482099826174e-6	-3.7628709874361677e-6	5.68376153080603e-9
ZBTB33	ENCFF996DZN	strandOrientationdivergent	-3.0595044375655642	-3.0604408466828117	0.010689031929964236
ZBTB33	ENCFF996DZN	strandOrientationforward	-1.5779619234615085	-1.5756015364611557	0.006202055095713729
ZBTB33	ENCFF996DZN	strandOrientationreverse	-1.1771950467366077	-1.1763963741564205	0.003969139138490431
ZBTB33	ENCFF996DZN	score_min	1.2735742146964029	1.2726529376693918	0.0040478908546150985
ZBTB33	ENCFF996DZN	cor	0.6561595413564723	0.6555914217950888	0.00706434081354144
ZBTB40	ENCFF806TXV	(Intercept)	-8.64735993054035	-8.646234364312237	0.022789213226256308
ZBTB40	ENCFF806TXV	dist	-3.73295219501174e-6	-3.7333255812528824e-6	5.243778491845783e-9
ZBTB40	ENCFF806TXV	strandOrientationdivergent	-3.046243623403079	-3.047307847123093	0.010709280448612942
ZBTB40	ENCFF806TXV	strandOrientationforward	-1.561660421559338	-1.5595776790232816	0.006278433842790908
ZBTB40	ENCFF806TXV	strandOrientationreverse	-1.2082173124350373	-1.2077119713381266	0.004132779009790483
ZBTB40	ENCFF806TXV	score_min	1.3015412317586548	1.3007666536450269	0.004075577579761671
ZBTB40	ENCFF806TXV	cor	0.21715426421019512	0.21442733894666927	0.006419862241139901
ZEB1	ENCFF167NPM	(Intercept)	-8.375562646094075	-8.378868170797272	0.024430139332471693
ZEB1	ENCFF167NPM	dist	-3.7785066747043686e-6	-3.779068210804698e-6	6.01206491941597e-9
ZEB1	ENCFF167NPM	strandOrientationdivergent	-3.073238650433601	-3.0739736221454885	0.010533078187694707
ZEB1	ENCFF167NPM	strandOrientationforward	-1.5552545717236457	-1.5531633710999195	0.0064944919553233055
ZEB1	ENCFF167NPM	strandOrientationreverse	-1.2209208582423199	-1.2204165435151315	0.004274002694449608
ZEB1	ENCFF167NPM	score_min	1.2580440929837349	1.258029169919018	0.004340106763545662
ZEB1	ENCFF167NPM	cor	0.7380917187438193	0.7384144554022309	0.005304185810380371
ZNF143	ENCFF639ZAX	(Intercept)	-6.462247143650353	-6.4657889836699205	0.029614220599846138
ZNF143	ENCFF639ZAX	dist	-4.144720060293734e-6	-4.144510370973566e-6	5.728246646589249e-9
ZNF143	ENCFF639ZAX	strandOrientationdivergent	-3.323663514470073	-3.3240533194332382	0.011433772426389606
ZNF143	ENCFF639ZAX	strandOrientationforward	-1.707403560125426	-1.705706430080025	0.006043626666625023
ZNF143	ENCFF639ZAX	strandOrientationreverse	-1.2354148012683788	-1.2353713215986653	0.00387052481489049
ZNF143	ENCFF639ZAX	score_min	0.7745500916293441	0.7744114390489889	0.005158393574561205
ZNF143	ENCFF639ZAX	cor	2.9338061102736557	2.9351647506890535	0.007701348277968889
ZNF207	ENCFF484ZSZ	(Intercept)	-8.403425310191995	-8.402504401103569	0.022919729873511988
ZNF207	ENCFF484ZSZ	dist	-3.802944343183235e-6	-3.8036820056228893e-6	6.200591418968391e-9
ZNF207	ENCFF484ZSZ	strandOrientationdivergent	-3.0887163737565415	-3.089011293690816	0.01106287871204277
ZNF207	ENCFF484ZSZ	strandOrientationforward	-1.5886860506964449	-1.5870944398089404	0.005870051125989467
ZNF207	ENCFF484ZSZ	strandOrientationreverse	-1.1611198729136654	-1.16034686630907	0.003820857107294117
ZNF207	ENCFF484ZSZ	score_min	1.2455271433272017	1.2449253800664852	0.004075473447063196
ZNF207	ENCFF484ZSZ	cor	0.9564733741349997	0.9570508254712106	0.006130861718771658
ZNF217	ENCFF998OVR	(Intercept)	-8.464851921450615	-8.460997427102141	0.023901414353915178
ZNF217	ENCFF998OVR	dist	-3.779120092630783e-6	-3.7791447225003637e-6	5.9292846271743806e-9
ZNF217	ENCFF998OVR	strandOrientationdivergent	-3.0747974348294846	-3.075871092719893	0.010746902727390295
ZNF217	ENCFF998OVR	strandOrientationforward	-1.584031806757272	-1.5820538917826499	0.005851689190885482
ZNF217	ENCFF998OVR	strandOrientationreverse	-1.1574362699851621	-1.1567963387353326	0.003992082046307978
ZNF217	ENCFF998OVR	score_min	1.2578002441827263	1.2570458037543035	0.004357570349259584
ZNF217	ENCFF998OVR	cor	0.9071941824359049	0.9084685830221721	0.005962687918624408
ZNF24	ENCFF133LHQ	(Intercept)	-7.853743884111923	-7.856321563855997	0.023783901874333515
ZNF24	ENCFF133LHQ	dist	-3.875474164796802e-6	-3.87587003603231e-6	6.231495539339266e-9
ZNF24	ENCFF133LHQ	strandOrientationdivergent	-3.1488549277002296	-3.148909313347435	0.011022940529676055
ZNF24	ENCFF133LHQ	strandOrientationforward	-1.6136932467735514	-1.6113325109453225	0.00614809396429302
ZNF24	ENCFF133LHQ	strandOrientationreverse	-1.2297396105393559	-1.2295662304852222	0.004192622682035752
ZNF24	ENCFF133LHQ	score_min	1.1270606124354918	1.1268796628228568	0.0043099641289787525
ZNF24	ENCFF133LHQ	cor	1.7437211543795699	1.7437904498545782	0.004000465163380718
ZNF384	ENCFF957MTQ	(Intercept)	-8.816709126303492	-8.819941198621688	0.025721541277348835
ZNF384	ENCFF957MTQ	dist	-3.81821172843597e-6	-3.818393307351432e-6	6.288009453633296e-9
ZNF384	ENCFF957MTQ	strandOrientationdivergent	-3.1033408757269085	-3.1034361224117486	0.011084626807800695
ZNF384	ENCFF957MTQ	strandOrientationforward	-1.5749926943751569	-1.572273295118495	0.006818215978484483
ZNF384	ENCFF957MTQ	strandOrientationreverse	-1.1476187608401598	-1.1461069209719543	0.004014506012508404
ZNF384	ENCFF957MTQ	score_min	1.332054397926152	1.331936645865404	0.004514447262599727
ZNF384	ENCFF957MTQ	cor	1.02934245311633	1.0306684229258003	0.010251519493882989
ZNF592	ENCFF636MWX	(Intercept)	-7.497741268540901	-7.4961970555188735	0.023798643318741635
ZNF592	ENCFF636MWX	dist	-3.8949486492013985e-6	-3.894028905176269e-6	6.6018631092979604e-9
ZNF592	ENCFF636MWX	strandOrientationdivergent	-3.1695398429746184	-3.168895111402611	0.010861511349505469
ZNF592	ENCFF636MWX	strandOrientationforward	-1.6205748885836064	-1.6188859744579507	0.006436047519114793
ZNF592	ENCFF636MWX	strandOrientationreverse	-1.227845234720183	-1.22736763185774	0.0033446403355823725
ZNF592	ENCFF636MWX	score_min	1.055248073226044	1.0543879080418153	0.004442081332602831
ZNF592	ENCFF636MWX	cor	1.860519297796802	1.8609844952249257	0.006388125372597426
ZNF622	ENCFF085HIP	(Intercept)	-8.778892717837287	-8.778765093129184	0.023925767965532772
ZNF622	ENCFF085HIP	dist	-3.7536902634451197e-6	-3.7538087630741633e-6	5.576933502490703e-9
ZNF622	ENCFF085HIP	strandOrientationdivergent	-3.051945594630953	-3.0530776934226243	0.010849926047890278
ZNF622	ENCFF085HIP	strandOrientationforward	-1.5724530716958265	-1.5702744794525847	0.006255665969099326
ZNF622	ENCFF085HIP	strandOrientationreverse	-1.132227319368171	-1.1316390231519053	0.003994705477543844
ZNF622	ENCFF085HIP	score_min	1.3239176914055615	1.3233030320033272	0.004229034135452321
ZNF622	ENCFF085HIP	cor	0.2371454790828065	0.23844215070151684	0.00907751161978303
ZNF687	ENCFF082CZO	(Intercept)	-8.324490193910863	-8.323925766355142	0.021612276725612594
ZNF687	ENCFF082CZO	dist	-3.7701675230228046e-6	-3.769780152725026e-6	5.563316744100086e-9
ZNF687	ENCFF082CZO	strandOrientationdivergent	-3.076051973427827	-3.0769984847996437	0.01078466589191665
ZNF687	ENCFF082CZO	strandOrientationforward	-1.5824760571864804	-1.5800620626024968	0.006183129695746396
ZNF687	ENCFF082CZO	strandOrientationreverse	-1.2018288166315254	-1.2013705013180278	0.003771171343564147
ZNF687	ENCFF082CZO	score_min	1.2333862434582532	1.2325616641488808	0.003846597400891641
ZNF687	ENCFF082CZO	cor	0.9869730830717593	0.9867688017906571	0.006426586685338055
ZSCAN29	ENCFF964JLQ	(Intercept)	-8.38761526759972	-8.38419297451301	0.02178932004894435
ZSCAN29	ENCFF964JLQ	dist	-3.789605116079257e-6	-3.789716479461609e-6	6.258936092699937e-9
ZSCAN29	ENCFF964JLQ	strandOrientationdivergent	-3.082757038495839	-3.0837727112148787	0.010529823167766841
ZSCAN29	ENCFF964JLQ	strandOrientationforward	-1.5785346871741754	-1.5766036630416802	0.005965643304013379
ZSCAN29	ENCFF964JLQ	strandOrientationreverse	-1.190049611187426	-1.18937612380711	0.003511312373315788
ZSCAN29	ENCFF964JLQ	score_min	1.244951599620332	1.2439439050623962	0.004065307710117934
ZSCAN29	ENCFF964JLQ	cor	1.0179559389877797	1.01962120890819	0.006529307184145051
ZZZ3	ENCFF971DNG	(Intercept)	-8.952138539147093	-8.954611977200067	0.02391613332952433
ZZZ3	ENCFF971DNG	dist	-3.79221071891838e-6	-3.792451390268971e-6	6.755485365427312e-9
ZZZ3	ENCFF971DNG	strandOrientationdivergent	-3.09733848084606	-3.0970606284057256	0.009989652328413479
ZZZ3	ENCFF971DNG	strandOrientationforward	-1.5551723868076919	-1.5537022243040874	0.00664515983396178
ZZZ3	ENCFF971DNG	strandOrientationreverse	-1.1618568554503272	-1.1612334177005503	0.00349420649319046
ZZZ3	ENCFF971DNG	score_min	1.3631863412845144	1.3630838490086088	0.004259988956945927
ZZZ3	ENCFF971DNG	cor	0.5885356271784246	0.5885581681003671	0.004738290362147068
